-- Adminer 4.8.1 MySQL 8.0.34 dump

SET NAMES utf8;
SET time_zone = '+00:00';
SET foreign_key_checks = 0;
SET sql_mode = 'NO_AUTO_VALUE_ON_ZERO';

SET NAMES utf8mb4;

DROP TABLE IF EXISTS `attestation_employeur`;
CREATE TABLE `attestation_employeur` (
  `id` int NOT NULL AUTO_INCREMENT,
  `service_id` int NOT NULL,
  `email` varchar(255) CHARACTER SET utf8mb4 COLLATE utf8mb4_unicode_ci NOT NULL,
  `telephone` varchar(25) CHARACTER SET utf8mb4 COLLATE utf8mb4_unicode_ci NOT NULL,
  `fonction` varchar(255) CHARACTER SET utf8mb4 COLLATE utf8mb4_unicode_ci NOT NULL,
  `motif` longtext CHARACTER SET utf8mb4 COLLATE utf8mb4_unicode_ci,
  `recuperation` varchar(255) CHARACTER SET utf8mb4 COLLATE utf8mb4_unicode_ci NOT NULL,
  `fait_le` date NOT NULL COMMENT '(DC2Type:date_immutable)',
  `demandeur_id` int NOT NULL,
  PRIMARY KEY (`id`),
  KEY `IDX_6263E55FED5CA9E6` (`service_id`),
  KEY `IDX_6263E55F95A6EE59` (`demandeur_id`),
  CONSTRAINT `FK_6263E55F95A6EE59` FOREIGN KEY (`demandeur_id`) REFERENCES `user` (`id`),
  CONSTRAINT `FK_6263E55FED5CA9E6` FOREIGN KEY (`service_id`) REFERENCES `service` (`id`)
) ENGINE=InnoDB DEFAULT CHARSET=utf8mb4 COLLATE=utf8mb4_unicode_ci;

INSERT INTO `attestation_employeur` (`id`, `service_id`, `email`, `telephone`, `fonction`, `motif`, `recuperation`, `fait_le`, `demandeur_id`) VALUES
(38,	1,	'test@gmail.fr',	'0236584125',	'fonction',	'Test numéro deux',	'Sur place',	'2024-04-02',	916),
(39,	1,	'test@gmail.fr',	'0236584125',	'fonction',	'test responsable',	'Sur place',	'2024-04-03',	916),
(40,	1,	'test@gmail.fr',	'0236584125',	'fonction',	'teste email responsable',	'Me l\'envoyer par email',	'2024-04-03',	916),
(41,	1,	'test@gmail.fr',	'0236584125',	'fonction',	'test mail',	'Sur place',	'2024-05-03',	916),
(42,	1,	'test@gmail.fr',	'0236584125',	'fonction',	'test mail',	'Sur place',	'2024-05-03',	916),
(43,	1,	'test@gmail.fr',	'0236584125',	'fonction',	'test mail',	'Sur place',	'2024-05-03',	916),
(44,	1,	'test@gmail.fr',	'0236584125',	'fonction',	'test mail',	'Sur place',	'2024-05-03',	916),
(45,	1,	'test@gmail.fr',	'0236584125',	'fonction',	'test mail',	'Sur place',	'2024-05-03',	916),
(46,	1,	'test@gmail.fr',	'0692568921',	'Dev',	'test mail',	'Me l\'envoyer par email',	'2024-05-07',	916),
(47,	1,	'test@gmail.fr',	'0692568921',	'Dev',	'test mail',	'Me l\'envoyer par email',	'2024-05-07',	916),
(48,	1,	'test@gmail.fr',	'0692568921',	'Dev',	'test mail',	'Me l\'envoyer par email',	'2024-05-07',	916),
(49,	1,	'test@gmail.fr',	'0692568921',	'Dev',	'test mail',	'Me l\'envoyer par email',	'2024-05-07',	916),
(50,	1,	'test@gmail.fr',	'0692568921',	'Dev',	'test mail',	'Me l\'envoyer par email',	'2024-05-07',	916),
(51,	1,	'test@gmail.fr',	'0692568921',	'Dev',	'test mail',	'Me l\'envoyer par email',	'2024-05-07',	916),
(52,	1,	'test@gmail.fr',	'0692568921',	'Dev',	'test mail',	'Me l\'envoyer par email',	'2024-05-07',	916),
(53,	1,	'test@gmail.fr',	'0692568921',	'Dev',	'test env',	'Me l\'envoyer par email',	'2024-05-07',	916),
(54,	1,	'test@gmail.fr',	'0692568921',	'Dev',	'test env',	'Me l\'envoyer par email',	'2024-05-07',	916),
(55,	1,	'test@gmail.fr',	'0692568921',	'Dev',	'test env',	'Me l\'envoyer par email',	'2024-05-07',	916),
(56,	1,	'test@gmail.fr',	'0692568921',	'Dev',	'test env',	'Me l\'envoyer par email',	'2024-05-07',	916),
(57,	1,	'test@gmail.fr',	'0692568921',	'Dev',	'test env',	'Me l\'envoyer par email',	'2024-05-07',	916),
(58,	1,	'test@gmail.fr',	'2563254125',	'Testeur',	'Test mail',	'Sur place',	'2024-05-24',	916),
(59,	1,	'test@gmail.fr',	'2563254125',	'ma fonction',	'ma précisions etc ma fonctionma fonctionma fonction',	'Sur place',	'2024-05-27',	916),
(60,	1,	'test@gmail.fr',	'2563254125',	'alert(\'test secu\')',	'alert(\'test secu\')alert(\'test secu\')alert(\'test secu\')alert(\'test secu\')',	'Me l\'envoyer par email',	'2024-05-27',	916),
(61,	1,	'test@gmail.fr',	'2563254125',	'ma fonction',	'lorem ipsum fois milles lorem ipsum fois milles lorem ipsum fois milles lorem ipsum fois milles lorem ipsum fois milles lorem ipsum fois milles lorem ipsum fois milles lorem ipsum fois milles lorem ipsum fois milles lorem ipsum fois milles lorem ipsum fois milles lorem ipsum fois milles lorem ipsum fois milles lorem ipsum fois milles lorem ipsum fois milles lorem ipsum fois milles lorem ipsum fois milles lorem ipsum fois milles lorem ipsum fois milles lorem ipsum fois milles lorem ipsum fois milles lorem ipsum fois milles lorem ipsum fois milles lorem ipsum fois milles lorem ipsum fois milles lorem ipsum fois milles lorem ipsum fois milles lorem ipsum fois milles lorem ipsum fois milles lorem ipsum fois milles lorem ipsum fois milles lorem ipsum fois milles lorem ipsum fois milles lorem ipsum fois milles lorem ipsum fois milles lorem ipsum fois milles lorem ipsum fois milles lorem ipsum fois milles lorem ipsum fois milles lorem ipsum fois milles lorem ipsum fois milles lorem ipsum fois milles lorem ipsum fois milles lorem ipsum fois milles lorem ipsum fois milles lorem ipsum fois milles lorem ipsum fois milles lorem ipsum fois milles lorem ipsum fois milles lorem ipsum fois milles lorem ipsum fois milles lorem ipsum fois milles lorem ipsum fois milles lorem ipsum fois milles lorem ipsum fois milles lorem ipsum fois milles lorem ipsum fois milles lorem ipsum fois milles lorem ipsum fois milles lorem ipsum fois milles lorem ipsum fois milles lorem ipsum fois milles lorem ipsum fois milles lorem ipsum fois milles lorem ipsum fois milles lorem ipsum fois milles lorem ipsum fois milles lorem ipsum fois milles lorem ipsum fois milles lorem ipsum fois milles lorem ipsum fois milles lorem ipsum fois milles lorem ipsum fois milles lorem ipsum fois milles lorem ipsum fois milles lorem ipsum fois milles lorem ipsum fois milles lorem ipsum fois milles lorem ipsum fois milles lorem ipsum fois milles lorem ipsum fois milles lorem ipsum fois milles lorem ipsum fois milles lorem ipsum fois milles lorem ipsum fois milles lorem ipsum fois milles lorem ipsum fois milles lorem ipsum fois milles lorem ipsum fois milles lorem ipsum fois milles lorem ipsum fois milles lorem ipsum fois milles lorem ipsum fois milles lorem ipsum fois milles lorem ipsum fois milles lorem ipsum fois milles lorem ipsum fois milles lorem ipsum fois milles lorem ipsum fois milles lorem ipsum fois milles lorem ipsum fois milles lorem ipsum fois milles lorem ipsum fois milles lorem ipsum fois milles lorem ipsum fois milles lorem ipsum fois milles lorem ipsum fois milles lorem ipsum fois milles lorem ipsum fois milles lorem ipsum fois milles lorem ipsum fois milles lorem ipsum fois milles lorem ipsum fois milles lorem ipsum fois milles lorem ipsum fois milles lorem ipsum fois milles lorem ipsum fois milles lorem ipsum fois milles lorem ipsum fois milles lorem ipsum fois milles lorem ipsum fois milles lorem ipsum fois milles lorem ipsum fois milles lorem ipsum fois milles lorem ipsum fois milles lorem ipsum fois milles lorem ipsum fois milles lorem ipsum fois milles lorem ipsum fois milles lorem ipsum fois milles lorem ipsum fois milles lorem ipsum fois milles lorem ipsum fois milles lorem ipsum fois milles lorem ipsum fois milles lorem ipsum fois milles lorem ipsum fois milles lorem ipsum fois milles lorem ipsum fois milles lorem ipsum fois milles lorem ipsum fois milles lorem ipsum fois milles lorem ipsum fois milles lorem ipsum fois milles lorem ipsum fois milles lorem ipsum fois milles lorem ipsum fois milles lorem ipsum fois milles lorem ipsum fois milles lorem ipsum fois milles lorem ipsum fois milles lorem ipsum fois milles lorem ipsum fois milles lorem ipsum fois milles lorem ipsum fois milles lorem ipsum fois milles lorem ipsum fois milles lorem ipsum fois milles lorem ipsum fois milles lorem ipsum fois milles lorem ipsum fois milles lorem ipsum fois milles lorem ipsum fois milles lorem ipsum fois milles lorem ipsum fois milles lorem ipsum fois milles lorem ipsum fois milles lorem ipsum fois milles lorem ipsum fois milles lorem ipsum fois milles lorem ipsum fois milles lorem ipsum fois milles lorem ipsum fois milles lorem ipsum fois milles lorem ipsum fois milles lorem ipsum fois milles lorem ipsum fois milles lorem ipsum fois milles lorem ipsum fois milles lorem ipsum fois milles lorem ipsum fois milles lorem ipsum fois milles lorem ipsum fois milles lorem ipsum fois milles lorem ipsum fois milles lorem ipsum fois milles lorem ipsum fois milles lorem ipsum fois milles lorem ipsum fois milles lorem ipsum fois milles lorem ipsum fois milles lorem ipsum fois milles lorem ipsum fois milles lorem ipsum fois milles lorem ipsum fois milles lorem ipsum fois milles lorem ipsum fois milles lorem ipsum fois milles lorem ipsum fois milles lorem ipsum fois milles lorem ipsum fois milles lorem ipsum fois milles lorem ipsum fois milles lorem ipsum fois milles lorem ipsum fois milles lorem ipsum fois milles lorem ipsum fois milles lorem ipsum fois milles lorem ipsum fois milles lorem ipsum fois milles lorem ipsum fois milles lorem ipsum fois milles lorem ipsum fois milles lorem ipsum fois milles lorem ipsum fois milles lorem ipsum fois milles lorem ipsum fois milles lorem ipsum fois milles lorem ipsum fois milles lorem ipsum fois milles lorem ipsum fois milles lorem ipsum fois milles lorem ipsum fois milles lorem ipsum fois milles lorem ipsum fois milles lorem ipsum fois milles lorem ipsum fois milles lorem ipsum fois milles lorem ipsum fois milles lorem ipsum fois milles lorem ipsum fois milles lorem ipsum fois milles lorem ipsum fois milles lorem ipsum fois milles lorem ipsum fois milles lorem ipsum fois milles lorem ipsum fois milles lorem ipsum fois milles lorem ipsum fois milles lorem ipsum fois milles lorem ipsum fois milles lorem ipsum fois milles lorem ipsum fois milles lorem ipsum fois milles lorem ipsum fois milles lorem ipsum fois milles lorem ipsum fois milles lorem ipsum fois milles lorem ipsum fois milles lorem ipsum fois milles lorem ipsum fois milles lorem ipsum fois milles lorem ipsum fois milles lorem ipsum fois milles lorem ipsum fois milles lorem ipsum fois milles lorem ipsum fois milles lorem ipsum fois milles lorem ipsum fois milles lorem ipsum fois milles lorem ipsum fois milles lorem ipsum fois milles lorem ipsum fois milles lorem ipsum fois milles lorem ipsum fois milles lorem ipsum fois milles lorem ipsum fois milles lorem ipsum fois milles lorem ipsum fois milles lorem ipsum fois milles lorem ipsum fois milles lorem ipsum fois milles lorem ipsum fois milles lorem ipsum fois milles lorem ipsum fois milles lorem ipsum fois milles lorem ipsum fois milles lorem ipsum fois milles lorem ipsum fois milles lorem ipsum fois milles lorem ipsum fois milles lorem ipsum fois milles lorem ipsum fois milles lorem ipsum fois milles lorem ipsum fois milles lorem ipsum fois milles lorem ipsum fois milles lorem ipsum fois milles lorem ipsum fois milles lorem ipsum fois milles lorem ipsum fois milles lorem ipsum fois milles lorem ipsum fois milles lorem ipsum fois milles lorem ipsum fois milles lorem ipsum fois milles lorem ipsum fois milles lorem ipsum fois milles lorem ipsum fois milles lorem ipsum fois milles lorem ipsum fois milles lorem ipsum fois milles lorem ipsum fois milles lorem ipsum fois milles lorem ipsum fois milles lorem ipsum fois milles lorem ipsum fois milles lorem ipsum fois milles lorem ipsum fois milles lorem ipsum fois milles lorem ipsum fois milles lorem ipsum fois milles lorem ipsum fois milles lorem ipsum fois milles lorem ipsum fois milles lorem ipsum fois milles lorem ipsum fois milles lorem ipsum fois milles lorem ipsum fois milles lorem ipsum fois milles lorem ipsum fois milles lorem ipsum fois milles lorem ipsum fois milles lorem ipsum fois milles lorem ipsum fois milles lorem ipsum fois milles lorem ipsum fois milles lorem ipsum fois milles lorem ipsum fois milles lorem ipsum fois milles lorem ipsum fois milles lorem ipsum fois milles lorem ipsum fois milles',	'Me l\'envoyer par email',	'2024-05-27',	916),
(62,	1,	'test@gmail.fr',	'2563254125',	'ma fonction',	NULL,	'Sur place',	'2024-05-27',	916),
(63,	1,	'test@gmail.fr',	'2563254125',	'ma fonction',	NULL,	'Sur place',	'2024-05-27',	916),
(64,	1,	'test@gmail.fr',	'2563254125',	'ma fonction',	'ma fonctionma fonctionma fonctionma fonction',	'Sur place',	'2024-05-27',	916),
(65,	1,	'test@gmail.fr',	'2563254125',	'ma fonction',	'&gt;test de text : exemple -trter script :&gt;',	'Sur place',	'2024-05-27',	916),
(66,	1,	'test@gmail.fr',	'2563254125',	'ma fonction',	NULL,	'Me l\'envoyer par email',	'2024-05-27',	916),
(67,	1,	'test@gmail.fr',	'2563254125',	'alert(\'test secu\')',	NULL,	'Me l\'envoyer par email',	'2024-05-27',	916),
(68,	1,	'test@gmail.fr',	'0125362514',	'f',	NULL,	'Sur place',	'2024-05-28',	916),
(69,	1,	'test@gmail.fr',	'0125362514',	'Testeur',	'Je teste des choses',	'Me l\'envoyer par email',	'2024-05-28',	1259),
(70,	1,	'test@gmail.fr',	'0693659832',	'alert(\'test secu\')',	'Test numéro de tel',	'Sur place',	'2024-05-30',	916),
(71,	1,	'test@gmail.fr',	'0125362514',	'Testeur',	'jgjg',	'Sur place',	'2024-06-03',	916),
(72,	1,	'test@gmail.fr',	'0125362514',	'Testeur',	'jgjg',	'Sur place',	'2024-06-03',	916),
(73,	1,	'test@gm.fr',	'0125362514',	'Testeur',	'ttttt',	'Sur place',	'2024-06-03',	916),
(74,	1,	'test@gmail.fr',	'2563254125',	'ma fonction',	'dddddddddddd',	'Me l\'envoyer par email',	'2024-06-03',	916),
(75,	1,	'test@gmail.fr',	'2563254125',	'ma fonction',	'hhhh',	'Me l\'envoyer par email',	'2024-06-03',	916),
(76,	1,	'test@gmail.fr',	'2563254125',	'ma fonction',	'fgrgr',	'Sur place',	'2024-06-03',	916),
(77,	1,	'test@gmail.fr',	'2563254125',	'Testeur',	'ththt',	'Me l\'envoyer par email',	'2024-06-03',	916),
(78,	1,	'test@gmail.fr',	'0125369685',	'Testeur',	'test signature',	'Sur place',	'2024-06-04',	916),
(79,	1,	'test@gmail.fr',	'0125369685',	'Testeur',	NULL,	'Me l\'envoyer par email',	'2024-06-04',	916),
(80,	1,	'test@gmail.fr',	'0125369685',	'Testeur',	'dez',	'Sur place',	'2024-06-04',	916),
(81,	1,	'test@gmail.fr',	'0125369685',	'Testeur',	'cedcfe',	'Sur place',	'2024-06-04',	916),
(82,	1,	'test@gmail.fr',	'0125369685',	'Testeur',	NULL,	'Sur place',	'2024-06-04',	916),
(83,	1,	'test@gmail.fr',	'0125369685',	'Testeur',	'toto',	'Sur place',	'2024-06-04',	916),
(84,	1,	'test@gmail.fr',	'0125369685',	'Testeur',	'5454',	'Sur place',	'2024-06-04',	916);

DROP TABLE IF EXISTS `bot_categorie`;
CREATE TABLE `bot_categorie` (
  `id` int NOT NULL AUTO_INCREMENT,
  `label` varchar(255) COLLATE utf8mb4_unicode_ci NOT NULL,
  PRIMARY KEY (`id`)
) ENGINE=InnoDB DEFAULT CHARSET=utf8mb4 COLLATE=utf8mb4_unicode_ci;

INSERT INTO `bot_categorie` (`id`, `label`) VALUES
(1,	'les congés'),
(2,	'la formation en entreprise'),
(3,	'la paie en entreprise'),
(4,	'la situation de famille'),
(5,	'les avantages sociaux'),
(6,	'Catégorie de test');

DROP TABLE IF EXISTS `bot_question`;
CREATE TABLE `bot_question` (
  `id` int NOT NULL AUTO_INCREMENT,
  `categorie_id` int NOT NULL,
  `question` varchar(255) COLLATE utf8mb4_unicode_ci NOT NULL,
  `reponse` longtext COLLATE utf8mb4_unicode_ci NOT NULL,
  PRIMARY KEY (`id`),
  KEY `IDX_FD0C6B64BCF5E72D` (`categorie_id`),
  CONSTRAINT `FK_FD0C6B64BCF5E72D` FOREIGN KEY (`categorie_id`) REFERENCES `bot_categorie` (`id`)
) ENGINE=InnoDB DEFAULT CHARSET=utf8mb4 COLLATE=utf8mb4_unicode_ci;

INSERT INTO `bot_question` (`id`, `categorie_id`, `question`, `reponse`) VALUES
(1,	1,	'Quels sont les différents types de congés disponibles',	'Les différents types de congés disponibles sont les congés payés, les congés maladie, les congés maternité/paternité, les congés sans solde, les congés pour événements familiaux, etc.'),
(2,	1,	'Comment faire une demande de congé',	'Pour faire une demande de congé, veuillez suivre ces étapes : [insérer les étapes ici]'),
(3,	2,	'Quels types de formation sont disponibles en entreprise',	'Les types de formation disponibles en entreprise peuvent inclure des formations en présentiel, des formations en ligne, des ateliers, des formations certifiées, etc.'),
(4,	2,	'Comment puis-je m\'inscrire à une formation en entreprise',	'Pour vous inscrire à une formation en entreprise, veuillez suivre ces étapes : [insérer les étapes ici]'),
(5,	3,	'Comment puis-je consulter ma fiche de paie',	'Pour consulter votre fiche de paie, veuillez suivre ces étapes : [insérer les étapes ici]'),
(6,	3,	'Quels sont les différents éléments inclus dans ma fiche de paie',	'Les différents éléments inclus dans votre fiche de paie peuvent inclure le salaire de base, les primes, les retenues pour impôts, les allocations, etc.'),
(7,	4,	'Quelles sont les démarches à suivre pour déclarer un changement de situation familiale',	'Pour déclarer un changement de situation familiale, veuillez suivre ces étapes : [insérer les étapes ici]'),
(8,	4,	'Quels sont les avantages liés à la situation de famille, tels que les congés familiaux ou les allocations familiales',	'Les avantages liés à la situation de famille peuvent inclure des congés familiaux, des allocations familiales, des avantages fiscaux, etc.'),
(9,	5,	'Quels sont les différents avantages sociaux offerts par l\'entreprise, tels que l\'assurance maladie, l\'assurance vie, ou les régimes de retraite',	'Les différents avantages sociaux offerts par l\'entreprise peuvent inclure l\'assurance maladie, l\'assurance vie, les régimes de retraite, les avantages liés à la santé mentale, etc.'),
(10,	5,	'Comment puis-je m\'inscrire aux différents programmes d\'avantages sociaux proposés par l\'entreprise',	'Pour vous inscrire aux différents programmes d\'avantages sociaux proposés par l\'entreprise, veuillez suivre ces étapes : [insérer les étapes ici]'),
(11,	6,	'Question test 1',	'Réponse test 1');

DROP TABLE IF EXISTS `changement_adresse`;
CREATE TABLE `changement_adresse` (
  `id` int NOT NULL AUTO_INCREMENT,
  `service_id` int NOT NULL,
  `commune_id` int NOT NULL,
  `fait_a_id` int NOT NULL,
  `fonction` varchar(255) CHARACTER SET utf8mb4 COLLATE utf8mb4_unicode_ci NOT NULL,
  `numero` int NOT NULL,
  `position` varchar(255) CHARACTER SET utf8mb4 COLLATE utf8mb4_unicode_ci DEFAULT NULL,
  `voie` varchar(255) CHARACTER SET utf8mb4 COLLATE utf8mb4_unicode_ci NOT NULL,
  `fait_le` date NOT NULL COMMENT '(DC2Type:date_immutable)',
  `demandeur_id` int NOT NULL,
  PRIMARY KEY (`id`),
  KEY `IDX_1A21084FED5CA9E6` (`service_id`),
  KEY `IDX_1A21084F131A4F72` (`commune_id`),
  KEY `IDX_1A21084FFB75DE1A` (`fait_a_id`),
  KEY `IDX_1A21084F95A6EE59` (`demandeur_id`),
  CONSTRAINT `FK_1A21084F131A4F72` FOREIGN KEY (`commune_id`) REFERENCES `commune` (`id`),
  CONSTRAINT `FK_1A21084F95A6EE59` FOREIGN KEY (`demandeur_id`) REFERENCES `user` (`id`),
  CONSTRAINT `FK_1A21084FED5CA9E6` FOREIGN KEY (`service_id`) REFERENCES `service` (`id`),
  CONSTRAINT `FK_1A21084FFB75DE1A` FOREIGN KEY (`fait_a_id`) REFERENCES `commune` (`id`)
) ENGINE=InnoDB DEFAULT CHARSET=utf8mb4 COLLATE=utf8mb4_unicode_ci;

INSERT INTO `changement_adresse` (`id`, `service_id`, `commune_id`, `fait_a_id`, `fonction`, `numero`, `position`, `voie`, `fait_le`, `demandeur_id`) VALUES
(4,	3,	1,	1,	'Testeur',	25,	'bis',	'rue de la liberté',	'2024-03-29',	1259),
(5,	9,	1,	1,	'Testeur',	528,	'ter',	'rue de la liberté',	'2024-03-29',	1259),
(6,	8,	1,	1,	'admin',	25,	'bis',	'rue des champs',	'2024-05-28',	916),
(7,	1,	14,	1,	'Testeur',	10,	NULL,	'rue des champs test user',	'2024-04-10',	1259),
(8,	1,	1,	1,	'testeur',	25,	'bis',	'rue des champs',	'2024-05-25',	916),
(9,	1,	1,	1,	'testeur',	25,	NULL,	'fderer',	'2024-05-31',	916),
(10,	1,	1,	1,	'testeur',	525,	NULL,	'fgrgrgr',	'2024-05-31',	916),
(11,	1,	15,	19,	'testeur',	52,	NULL,	'rue des champs',	'2024-05-29',	916),
(12,	1,	17,	1,	'tester',	58,	NULL,	'rue ces de',	'2024-05-29',	916),
(13,	1,	11,	1,	'testeur',	25,	NULL,	'des champs',	'2024-05-28',	916),
(14,	1,	1,	21,	'testeur',	25,	'bis',	'rue des champs',	'2024-05-28',	916),
(15,	1,	17,	14,	'testeur',	26,	'ter',	'rue des lia bert',	'2024-05-24',	916),
(16,	1,	1,	1,	'tester',	25,	'bis',	'rue de elz',	'2024-05-30',	916),
(17,	1,	17,	20,	'testeur',	25,	'bis',	'rue des champs',	'2024-05-30',	916),
(18,	1,	1,	1,	'testeur',	125,	'bis',	'fdefef',	'2025-06-23',	916),
(19,	1,	3,	1,	'testeur',	25,	'ter',	'rue desd champ',	'2024-06-26',	916),
(20,	1,	1,	1,	'testeur',	52,	'bis',	'rue de la tetetetetetetet',	'2025-06-25',	916),
(21,	1,	1,	1,	'tester',	6,	'bis',	'rererer',	'2025-06-25',	916),
(22,	1,	1,	1,	'<script>alert(\'log\')</script>',	25,	'bis',	'<script>alert(\'log\')</script>',	'2024-05-30',	916),
(23,	1,	1,	1,	'alert(\'log\')',	25,	'bis',	'<script>alert(\'log\')</script>',	'2024-05-27',	916),
(24,	1,	1,	1,	'alert(\'log\')',	25,	'bis',	'alert(\'log\')',	'2024-05-27',	916),
(25,	1,	1,	1,	'alert(\'log\')',	25,	'bis',	'alert(\'test secu\')alert(\'test secu\')',	'2024-05-27',	916),
(26,	1,	17,	22,	'alert(\'log\')',	2,	NULL,	'alert(\'log\')alert(\'log\')alert(\'log\')',	'2024-05-28',	916),
(27,	1,	1,	1,	'alert(\'log\')',	4,	'bis',	'alert(\'log\')alert(\'log\')',	'2024-05-29',	916),
(28,	1,	20,	1,	'testeur',	14,	'bis',	'rerere fefe fefef',	'2024-06-10',	916),
(29,	1,	18,	6,	'Test',	25,	'ter',	'rue de la paix',	'2024-06-05',	916);

DROP TABLE IF EXISTS `changement_compte`;
CREATE TABLE `changement_compte` (
  `id` int NOT NULL AUTO_INCREMENT,
  `service_id` int NOT NULL,
  `fait_a_id` int NOT NULL,
  `fonction` varchar(255) CHARACTER SET utf8mb4 COLLATE utf8mb4_unicode_ci NOT NULL,
  `fait_le` date NOT NULL COMMENT '(DC2Type:date_immutable)',
  `demandeur_id` int NOT NULL,
  PRIMARY KEY (`id`),
  KEY `IDX_67ACD789ED5CA9E6` (`service_id`),
  KEY `IDX_67ACD789FB75DE1A` (`fait_a_id`),
  KEY `IDX_67ACD78995A6EE59` (`demandeur_id`),
  CONSTRAINT `FK_67ACD78995A6EE59` FOREIGN KEY (`demandeur_id`) REFERENCES `user` (`id`),
  CONSTRAINT `FK_67ACD789ED5CA9E6` FOREIGN KEY (`service_id`) REFERENCES `service` (`id`),
  CONSTRAINT `FK_67ACD789FB75DE1A` FOREIGN KEY (`fait_a_id`) REFERENCES `commune` (`id`)
) ENGINE=InnoDB DEFAULT CHARSET=utf8mb4 COLLATE=utf8mb4_unicode_ci;

INSERT INTO `changement_compte` (`id`, `service_id`, `fait_a_id`, `fonction`, `fait_le`, `demandeur_id`) VALUES
(5,	1,	1,	'tester',	'2024-05-25',	916),
(6,	1,	1,	'alert(\'test secu\')',	'2024-05-27',	916),
(7,	1,	1,	'alert(\'test secu\')',	'2024-05-29',	916),
(8,	1,	1,	'tester',	'2024-05-27',	916),
(9,	1,	1,	'alert(\'test secu\')',	'2024-05-28',	916),
(10,	1,	1,	'alert(\'test secu\')',	'2024-05-23',	916),
(11,	1,	1,	'alert(\'test secu\')',	'2024-05-30',	916),
(12,	1,	1,	'alert(\'test secu\')',	'2024-05-29',	916),
(13,	1,	1,	'alert(\'test secu\')',	'2024-05-28',	916),
(14,	1,	1,	'alert(\'test secu\')',	'2024-06-04',	916);

DROP TABLE IF EXISTS `commune`;
CREATE TABLE `commune` (
  `id` int NOT NULL AUTO_INCREMENT,
  `code_postal` int NOT NULL,
  `label` varchar(255) CHARACTER SET utf8mb4 COLLATE utf8mb4_unicode_ci NOT NULL,
  PRIMARY KEY (`id`)
) ENGINE=InnoDB DEFAULT CHARSET=utf8mb4 COLLATE=utf8mb4_unicode_ci;

INSERT INTO `commune` (`id`, `code_postal`, `label`) VALUES
(1,	97402,	'Bras-Panon'),
(2,	97424,	'Cilaos'),
(3,	97403,	'Entre-Deux'),
(4,	97406,	'La Plaine-des-Palmistes'),
(5,	97408,	'La Possession'),
(6,	97407,	'Le Port'),
(7,	97401,	'Les Avirons'),
(8,	97423,	'Les Trois-Bassins'),
(9,	97422,	'Le Tampon'),
(10,	97404,	'L\'Étang-Salé'),
(11,	97405,	'Petite-Île'),
(12,	97409,	'Saint-André'),
(13,	97410,	'Saint-Benoît'),
(14,	97411,	'Saint-Denis'),
(15,	97418,	'Sainte-Marie'),
(16,	97419,	'Sainte-Rose'),
(17,	97420,	'Sainte-Suzanne'),
(18,	97412,	'Saint-Joseph'),
(19,	97413,	'Saint-Leu'),
(20,	97414,	'Saint-Louis'),
(21,	97415,	'Saint-Paul'),
(22,	97417,	'Saint-Philippe'),
(23,	97416,	'Saint-Pierre'),
(24,	97421,	'Salazie');

DROP TABLE IF EXISTS `demande_accompte`;
CREATE TABLE `demande_accompte` (
  `id` int NOT NULL AUTO_INCREMENT,
  `service_id` int NOT NULL,
  `fait_a_id` int NOT NULL,
  `fonction` varchar(255) CHARACTER SET utf8mb4 COLLATE utf8mb4_unicode_ci NOT NULL,
  `accompte_chiffre` int NOT NULL,
  `accompte_lettre` varchar(255) CHARACTER SET utf8mb4 COLLATE utf8mb4_unicode_ci NOT NULL,
  `motif` longtext CHARACTER SET utf8mb4 COLLATE utf8mb4_unicode_ci,
  `fait_le` date NOT NULL COMMENT '(DC2Type:date_immutable)',
  `demandeur_id` int NOT NULL,
  PRIMARY KEY (`id`),
  KEY `IDX_FB509335ED5CA9E6` (`service_id`),
  KEY `IDX_FB509335FB75DE1A` (`fait_a_id`),
  KEY `IDX_FB50933595A6EE59` (`demandeur_id`),
  CONSTRAINT `FK_FB50933595A6EE59` FOREIGN KEY (`demandeur_id`) REFERENCES `user` (`id`),
  CONSTRAINT `FK_FB509335ED5CA9E6` FOREIGN KEY (`service_id`) REFERENCES `service` (`id`),
  CONSTRAINT `FK_FB509335FB75DE1A` FOREIGN KEY (`fait_a_id`) REFERENCES `commune` (`id`)
) ENGINE=InnoDB DEFAULT CHARSET=utf8mb4 COLLATE=utf8mb4_unicode_ci;

INSERT INTO `demande_accompte` (`id`, `service_id`, `fait_a_id`, `fonction`, `accompte_chiffre`, `accompte_lettre`, `motif`, `fait_le`, `demandeur_id`) VALUES
(4,	1,	1,	'gg',	21,	'vingt milles',	'I can\'t eat',	'2024-03-29',	1259),
(5,	1,	1,	'admin',	10000,	'dix milles',	'Parce que',	'2024-04-30',	916),
(6,	1,	1,	'tester',	2000,	'deux milles',	'Besoin d\'argent',	'2024-05-24',	916),
(7,	1,	1,	'alert(\'test secu\')alert(\'test secu\')',	255,	'alert(\'test secu\')alert(\'test secu\')',	'alert(\'test secu\')alert(\'test secu\')alert(\'test secu\')',	'2024-05-27',	916),
(8,	1,	1,	'alert(\'test secu\')alert(\'test secu\')',	255,	'alert(\'test secu\')alert(\'test secu\')',	'alert(\'test secu\')alert(\'test secu\')alert(\'test secu\')',	'2024-05-27',	916),
(9,	1,	1,	'alert(\'test secu\')alert(\'test secu\')',	255,	'juju',	'alert(\'test secu\')alert(\'test secu\')alert(\'test secu\')',	'2024-05-27',	916),
(10,	1,	1,	'alert(\'test secu\')',	255,	'juju',	'alert(\'test secu\')alert(\'test secu\')alert(\'test secu\')',	'2024-05-27',	916),
(11,	1,	1,	'alert(\'test secu\')',	255,	'alert(\'test secu\')alert(\'test secu\')',	'alert(\'test secu\')',	'2024-05-27',	916),
(12,	1,	1,	'tester',	2000,	'deux milles',	'test',	'2024-05-27',	916),
(13,	1,	1,	'alert(\'test secu\')',	20000,	'alert(\'test secu\')alert(\'test secu\')',	'alert(\'test secu\')alert(\'test secu\')alert(\'test secu\')alert(\'test secu\')',	'2024-05-27',	916),
(14,	1,	1,	'<script>alert(\'test secu\')</script>',	20000,	'alert(\'test secu\')',	NULL,	'2024-05-27',	916),
(15,	1,	1,	'alert(\'test secu\')alert(\'test secu\')',	20000,	'alert(\'test secu\')alert(\'test secu\')',	NULL,	'2024-05-28',	916),
(16,	1,	1,	'alert(\'test secu\')',	20000,	'deux milles',	'cfededc',	'2024-06-11',	916);

DROP TABLE IF EXISTS `demande_bulletin_salaire`;
CREATE TABLE `demande_bulletin_salaire` (
  `id` int NOT NULL AUTO_INCREMENT,
  `service_id` int NOT NULL,
  `fait_a_id` int NOT NULL,
  `email` varchar(255) CHARACTER SET utf8mb4 COLLATE utf8mb4_unicode_ci NOT NULL,
  `telephone` varchar(15) CHARACTER SET utf8mb4 COLLATE utf8mb4_unicode_ci NOT NULL,
  `fonction` varchar(255) CHARACTER SET utf8mb4 COLLATE utf8mb4_unicode_ci NOT NULL,
  `date_du` date NOT NULL COMMENT '(DC2Type:date_immutable)',
  `date_au` date NOT NULL COMMENT '(DC2Type:date_immutable)',
  `motif` varchar(255) CHARACTER SET utf8mb4 COLLATE utf8mb4_unicode_ci NOT NULL,
  `recuperation` varchar(255) CHARACTER SET utf8mb4 COLLATE utf8mb4_unicode_ci NOT NULL,
  `fait_le` date NOT NULL COMMENT '(DC2Type:date_immutable)',
  `demandeur_id` int NOT NULL,
  PRIMARY KEY (`id`),
  KEY `IDX_2D3AB2E1ED5CA9E6` (`service_id`),
  KEY `IDX_2D3AB2E1FB75DE1A` (`fait_a_id`),
  KEY `IDX_2D3AB2E195A6EE59` (`demandeur_id`),
  CONSTRAINT `FK_2D3AB2E195A6EE59` FOREIGN KEY (`demandeur_id`) REFERENCES `user` (`id`),
  CONSTRAINT `FK_2D3AB2E1ED5CA9E6` FOREIGN KEY (`service_id`) REFERENCES `service` (`id`),
  CONSTRAINT `FK_2D3AB2E1FB75DE1A` FOREIGN KEY (`fait_a_id`) REFERENCES `commune` (`id`)
) ENGINE=InnoDB DEFAULT CHARSET=utf8mb4 COLLATE=utf8mb4_unicode_ci;

INSERT INTO `demande_bulletin_salaire` (`id`, `service_id`, `fait_a_id`, `email`, `telephone`, `fonction`, `date_du`, `date_au`, `motif`, `recuperation`, `fait_le`, `demandeur_id`) VALUES
(3,	1,	1,	'test@gmail.com',	'125632587',	'Testeur',	'2024-03-29',	'2024-03-15',	'Démarche',	'Sur place',	'2024-03-29',	1259),
(4,	1,	1,	'admin@frf.com',	'125632541',	'admin',	'2024-04-30',	'2024-03-30',	'pardce que',	'Sur place',	'2024-04-30',	916),
(5,	1,	1,	'test@ttet.de',	'214523652',	'teset',	'2024-05-27',	'2024-07-26',	'Administratif',	'Sur place',	'2024-05-30',	916),
(6,	3,	1,	'test@ttet.de',	'214523652',	'alert(\'test secu\')alert(\'test secu\')',	'2024-05-28',	'2024-05-29',	'alert(\'test secu\')alert(\'test secu\')alert(\'test secu\')',	'Sur place',	'2024-05-27',	916),
(7,	1,	1,	'test@ttet.de',	'214523652',	'alert(\'test secu\')alert(\'test secu\')',	'2024-05-02',	'2025-05-20',	'alert(\'test secu\')alert(\'test secu\')alert(\'test secu\')alert(\'test secu\')alert(\'test secu\')',	'Sur place',	'2024-05-27',	916),
(8,	1,	1,	'test@ttet.de',	'214523652',	'alert(\'test secu\')alert(\'test secu\')',	'2024-05-27',	'2024-05-24',	'alert(\'test secu\')alert(\'test secu\')',	'Sur place',	'2024-05-27',	916),
(9,	1,	1,	'test@ttet.de',	'214523652',	'alert(\'test secu\')alert(\'test secu\')',	'2024-05-31',	'2024-06-22',	'p',	'Sur place',	'2024-05-29',	916),
(10,	1,	1,	'test@ttet.de',	'214523652',	'alert(\'test secu\')alert(\'test secu\')',	'2024-06-26',	'2024-06-28',	'fzsfz',	'Sur place',	'2024-06-04',	916);

DROP TABLE IF EXISTS `doctrine_migration_versions`;
CREATE TABLE `doctrine_migration_versions` (
  `version` varchar(191) COLLATE utf8mb3_unicode_ci NOT NULL,
  `executed_at` datetime DEFAULT NULL,
  `execution_time` int DEFAULT NULL,
  PRIMARY KEY (`version`)
) ENGINE=InnoDB DEFAULT CHARSET=utf8mb3 COLLATE=utf8mb3_unicode_ci;


DROP TABLE IF EXISTS `messenger_messages`;
CREATE TABLE `messenger_messages` (
  `id` bigint NOT NULL AUTO_INCREMENT,
  `body` longtext CHARACTER SET utf8mb4 COLLATE utf8mb4_unicode_ci NOT NULL,
  `headers` longtext CHARACTER SET utf8mb4 COLLATE utf8mb4_unicode_ci NOT NULL,
  `queue_name` varchar(190) CHARACTER SET utf8mb4 COLLATE utf8mb4_unicode_ci NOT NULL,
  `created_at` datetime NOT NULL COMMENT '(DC2Type:datetime_immutable)',
  `available_at` datetime NOT NULL COMMENT '(DC2Type:datetime_immutable)',
  `delivered_at` datetime DEFAULT NULL COMMENT '(DC2Type:datetime_immutable)',
  PRIMARY KEY (`id`),
  KEY `IDX_75EA56E0FB7336F0` (`queue_name`),
  KEY `IDX_75EA56E0E3BD61CE` (`available_at`),
  KEY `IDX_75EA56E016BA31DB` (`delivered_at`)
) ENGINE=InnoDB DEFAULT CHARSET=utf8mb4 COLLATE=utf8mb4_unicode_ci;


DROP TABLE IF EXISTS `question_pour`;
CREATE TABLE `question_pour` (
  `id` int NOT NULL AUTO_INCREMENT,
  `label` varchar(255) CHARACTER SET utf8mb4 COLLATE utf8mb4_unicode_ci NOT NULL,
  PRIMARY KEY (`id`)
) ENGINE=InnoDB DEFAULT CHARSET=utf8mb4 COLLATE=utf8mb4_unicode_ci;

INSERT INTO `question_pour` (`id`, `label`) VALUES
(1,	'Formation'),
(2,	'Paie'),
(3,	'Dossier administratif'),
(4,	'Santé et conditions de travail'),
(5,	'Autre');

DROP TABLE IF EXISTS `question_rh`;
CREATE TABLE `question_rh` (
  `id` int NOT NULL AUTO_INCREMENT,
  `question_pour_id` int NOT NULL,
  `service_id` int NOT NULL,
  `telephone` varchar(25) CHARACTER SET utf8mb4 COLLATE utf8mb4_unicode_ci NOT NULL,
  `email` varchar(255) CHARACTER SET utf8mb4 COLLATE utf8mb4_unicode_ci NOT NULL,
  `question` longtext CHARACTER SET utf8mb4 COLLATE utf8mb4_unicode_ci NOT NULL,
  `fait_le` date NOT NULL COMMENT '(DC2Type:date_immutable)',
  `demandeur_id` int NOT NULL,
  PRIMARY KEY (`id`),
  KEY `IDX_BEA7710EEF7E7C4D` (`question_pour_id`),
  KEY `IDX_BEA7710EED5CA9E6` (`service_id`),
  KEY `IDX_BEA7710E95A6EE59` (`demandeur_id`),
  CONSTRAINT `FK_BEA7710E95A6EE59` FOREIGN KEY (`demandeur_id`) REFERENCES `user` (`id`),
  CONSTRAINT `FK_BEA7710EED5CA9E6` FOREIGN KEY (`service_id`) REFERENCES `service` (`id`),
  CONSTRAINT `FK_BEA7710EEF7E7C4D` FOREIGN KEY (`question_pour_id`) REFERENCES `question_pour` (`id`)
) ENGINE=InnoDB DEFAULT CHARSET=utf8mb4 COLLATE=utf8mb4_unicode_ci;

INSERT INTO `question_rh` (`id`, `question_pour_id`, `service_id`, `telephone`, `email`, `question`, `fait_le`, `demandeur_id`) VALUES
(3,	1,	1,	'0125698541',	'gtgt@gtgt.gt',	'Ma question',	'2024-03-28',	1259),
(4,	1,	1,	'0236589652',	'test@gmail.gt',	'Test barre retour',	'2024-05-06',	916),
(5,	1,	1,	'0236589652',	'test@gmail.gt',	'test smtp',	'2024-05-06',	916),
(6,	1,	1,	'0256325412',	'test@gmail.fr',	'Question test',	'2024-05-24',	916),
(7,	1,	1,	'0256325412',	'test@gmail.fr',	'alert(\'test secu\')',	'2024-05-27',	916),
(8,	1,	1,	'0256325412',	'test@gmail.fr',	'alert(\'test secu\') Test question RH Sécu',	'2024-05-27',	916),
(9,	1,	1,	'0256325412',	'test@gmail.fr',	'Ma question ',	'2024-05-28',	916),
(10,	1,	1,	'0256325412',	'test@gmail.fr',	'question templated',	'2024-06-03',	916);

DROP TABLE IF EXISTS `rdv_avec`;
CREATE TABLE `rdv_avec` (
  `id` int NOT NULL AUTO_INCREMENT,
  `label` varchar(255) CHARACTER SET utf8mb4 COLLATE utf8mb4_unicode_ci NOT NULL,
  PRIMARY KEY (`id`)
) ENGINE=InnoDB DEFAULT CHARSET=utf8mb4 COLLATE=utf8mb4_unicode_ci;

INSERT INTO `rdv_avec` (`id`, `label`) VALUES
(1,	'DRH'),
(2,	'Service paie'),
(3,	'Service Formation'),
(4,	'Service Administratif'),
(5,	'Service Santé et Conditions de Travail');

DROP TABLE IF EXISTS `rendez_vous_rh`;
CREATE TABLE `rendez_vous_rh` (
  `id` int NOT NULL AUTO_INCREMENT,
  `rdv_avec_id` int NOT NULL,
  `service_id` int NOT NULL,
  `telephone` varchar(25) CHARACTER SET utf8mb4 COLLATE utf8mb4_unicode_ci NOT NULL,
  `email` varchar(255) CHARACTER SET utf8mb4 COLLATE utf8mb4_unicode_ci NOT NULL,
  `message` longtext CHARACTER SET utf8mb4 COLLATE utf8mb4_unicode_ci NOT NULL,
  `fait_le` date NOT NULL COMMENT '(DC2Type:date_immutable)',
  `demandeur_id` int NOT NULL,
  PRIMARY KEY (`id`),
  KEY `IDX_316FF91BB81B09E` (`rdv_avec_id`),
  KEY `IDX_316FF91BED5CA9E6` (`service_id`),
  KEY `IDX_316FF91B95A6EE59` (`demandeur_id`),
  CONSTRAINT `FK_316FF91B95A6EE59` FOREIGN KEY (`demandeur_id`) REFERENCES `user` (`id`),
  CONSTRAINT `FK_316FF91BB81B09E` FOREIGN KEY (`rdv_avec_id`) REFERENCES `rdv_avec` (`id`),
  CONSTRAINT `FK_316FF91BED5CA9E6` FOREIGN KEY (`service_id`) REFERENCES `service` (`id`)
) ENGINE=InnoDB DEFAULT CHARSET=utf8mb4 COLLATE=utf8mb4_unicode_ci;

INSERT INTO `rendez_vous_rh` (`id`, `rdv_avec_id`, `service_id`, `telephone`, `email`, `message`, `fait_le`, `demandeur_id`) VALUES
(8,	3,	1,	'0125365841',	'test@gmail.fr',	'Parce que',	'2024-03-28',	1259),
(9,	3,	1,	'0125365841',	'test@gmail.fr',	'Vrai versiojn',	'2024-03-28',	1259),
(10,	5,	5,	'0652325487',	'test@gmail.com',	'Pour tester l\'application',	'2024-04-11',	1259),
(11,	1,	1,	'0785656232',	'demandedrh@gmail.com',	'Test mail',	'2024-05-22',	916),
(12,	1,	1,	'0785656232',	'demandedrh@gmail.com',	'Test mail',	'2024-05-22',	916),
(13,	1,	1,	'0785656232',	'demandedrh@gmail.com',	'Test mail',	'2024-05-22',	916),
(14,	1,	1,	'0785656232',	'demandedrh@gmail.com',	'Test mail',	'2024-05-22',	916),
(15,	1,	1,	'0785656232',	'demandedrh@gmail.com',	'Test mail',	'2024-05-22',	916),
(16,	1,	1,	'0785656232',	'demandedrh@gmail.com',	'Test mail',	'2024-05-22',	916),
(17,	1,	1,	'0256363636',	'test@gmail.fr',	'test mail',	'2024-05-22',	916),
(18,	1,	1,	'0256363636',	'test@gmail.fr',	'test mail',	'2024-05-22',	916),
(19,	1,	1,	'0256363636',	'demandedrh@gmail.com',	'test florent rve',	'2024-05-22',	916),
(20,	1,	1,	'0256363636',	'demandedrh@gmail.com',	'test outloook',	'2024-05-22',	916),
(21,	1,	1,	'0256363636',	'demandedrh@gmail.com',	'test img',	'2024-05-22',	916),
(22,	1,	1,	'0256363636',	'test@gmail.fr',	'test mail',	'2024-05-22',	916),
(23,	1,	1,	'0256363636',	'demandedrh@gmail.com',	'xdszxdzs',	'2024-05-22',	916),
(24,	1,	1,	'0256363636',	'demandedrh@gmail.com',	'test img',	'2024-05-22',	916),
(25,	1,	1,	'0256363636',	'demandedrh@gmail.com',	'terzes',	'2024-05-22',	916),
(26,	1,	1,	'0256363636',	'demandedrh@gmail.com',	'trtrtrt',	'2024-05-22',	916),
(27,	1,	1,	'0256363636',	'demandedrh@gmail.com',	'trest',	'2024-05-22',	916),
(28,	1,	1,	'0256363636',	'test@gmail.fr',	'tresto',	'2024-05-22',	916),
(29,	1,	1,	'0785656232',	'test@gmail.fr',	'trest',	'2024-05-22',	916),
(30,	1,	1,	'0256363636',	'test@gmail.fr',	'dsfgesgze',	'2024-05-22',	916),
(31,	1,	1,	'0256363636',	'demandedrh@gmail.com',	'resdfs',	'2024-05-22',	916),
(32,	1,	1,	'0256363636',	'demandedrh@gmail.com',	'oioik',	'2024-05-22',	916),
(33,	1,	1,	'0785656232',	'demandedrh@gmail.com',	'fdfdfd',	'2024-05-22',	916),
(34,	1,	1,	'0785656232',	'demandedrh@gmail.com',	'ertsdgf',	'2024-05-22',	916),
(35,	1,	1,	'0256363636',	'test@gmail.fr',	'polkjhnb',	'2024-05-22',	916),
(36,	1,	1,	'0785656232',	'test@gmail.fr',	'olikuhyvb',	'2024-05-22',	916),
(37,	1,	1,	'0256363636',	'demandedrh@gmail.com',	'fdfdfdf',	'2024-05-22',	916),
(38,	1,	1,	'0256363636',	'demandedrh@gmail.com',	'lorem ipsum lorem ipsum lorem ipsum lorem ipsum lorem ipsum lorem ipsum lorem ipsum lorem ipsum lorem ipsum lorem ipsum lorem ipsum lorem ipsum lorem ipsum lorem ipsum lorem ipsum lorem ipsum lorem ipsum lorem ipsum lorem ipsum lorem ipsum lorem ipsum lorem ipsum lorem ipsum lorem ipsum lorem ipsum lorem ipsum lorem ipsum lorem ipsum lorem ipsum lorem ipsum lorem ipsum lorem ipsum lorem ipsum lorem ipsum lorem ipsum lorem ipsum lorem ipsum lorem ipsum lorem ipsum lorem ipsum lorem ipsum lorem ipsum lorem ipsum lorem ipsum lorem ipsum lorem ipsum lorem ipsum lorem ipsum lorem ipsum lorem ipsum lorem ipsum lorem ipsum lorem ipsum lorem ipsum lorem ipsum lorem ipsum lorem ipsum lorem ipsum lorem ipsum lorem ipsum lorem ipsum lorem ipsum lorem ipsum lorem ipsum lorem ipsum lorem ipsum lorem ipsum lorem ipsum lorem ipsum lorem ipsum lorem ipsum lorem ipsum lorem ipsum lorem ipsum lorem ipsum lorem ipsum lorem ipsum lorem ipsum lorem ipsum lorem ipsum lorem ipsum lorem ipsum lorem ipsum lorem ipsum lorem ipsum lorem ipsum lorem ipsum lorem ipsum lorem ipsum lorem ipsum lorem ipsum lorem ipsum lorem ipsum lorem ipsum lorem ipsum lorem ipsum lorem ipsum lorem ipsum lorem ipsum lorem ipsum lorem ipsum lorem ipsum',	'2024-05-22',	916),
(39,	1,	1,	'0256363636',	'demandedrh@gmail.com',	'trest',	'2024-05-23',	916),
(40,	1,	1,	'0785656232',	'demandedrh@gmail.com',	'ffsfd',	'2024-05-23',	916),
(41,	1,	1,	'0256363636',	'demandedrh@gmail.com',	'errere',	'2024-05-23',	916),
(42,	1,	1,	'0256363636',	'demandedrh@gmail.com',	'okokijij',	'2024-05-23',	916),
(43,	1,	1,	'0256363636',	'demandedrh@gmail.com',	'dsdsdsd',	'2024-05-23',	916),
(44,	1,	1,	'0256363636',	'demandedrh@gmail.com',	'Lorem ipsum Lorem ipsum Lorem ipsum Lorem ipsum Lorem ipsum Lorem ipsum Lorem ipsum Lorem ipsum Lorem ipsum Lorem ipsum Lorem ipsum Lorem ipsum Lorem ipsum Lorem ipsum Lorem ipsum Lorem ipsum Lorem ipsum Lorem ipsum Lorem ipsum Lorem ipsum Lorem ipsum Lorem ipsum Lorem ipsum Lorem ipsum Lorem ipsum Lorem ipsum Lorem ipsum Lorem ipsum Lorem ipsum Lorem ipsum Lorem ipsum Lorem ipsum Lorem ipsum Lorem ipsum Lorem ipsum Lorem ipsum Lorem ipsum Lorem ipsum Lorem ipsum Lorem ipsum Lorem ipsum Lorem ipsum Lorem ipsum Lorem ipsum Lorem ipsum Lorem ipsum',	'2024-05-23',	916),
(45,	1,	1,	'0256363636',	'test@gmail.fr',	'trokfe',	'2024-05-23',	916),
(46,	1,	1,	'0256363636',	'demandedrh@gmail.com',	'okokok',	'2024-05-23',	916),
(47,	1,	1,	'0256363636',	'test@gmail.fr',	'trtrtrtr',	'2024-05-23',	916),
(48,	1,	1,	'0256363636',	'demandedrh@gmail.com',	'rerere',	'2024-05-23',	916),
(49,	1,	1,	'0256363636',	'demandedrh@gmail.com',	'lorem ipsum lorem ipsum lorem ipsum lorem ipsum lorem ipsum lorem ipsum lorem ipsum lorem ipsum lorem ipsum lorem ipsum lorem ipsum lorem ipsum lorem ipsum lorem ipsum lorem ipsum lorem ipsum lorem ipsum lorem ipsum lorem ipsum lorem ipsum lorem ipsum lorem ipsum lorem ipsum lorem ipsum lorem ipsum lorem ipsum lorem ipsum lorem ipsum lorem ipsum lorem ipsum lorem ipsum lorem ipsum lorem ipsum lorem ipsum lorem ipsum lorem ipsum lorem ipsum lorem ipsum lorem ipsum lorem ipsum lorem ipsum',	'2024-05-23',	916),
(50,	1,	1,	'0256363636',	'demandedrh@gmail.com',	'rerere',	'2024-05-23',	916),
(51,	1,	1,	'0256363636',	'demandedrh@gmail.com',	'dfefefe',	'2024-05-23',	916),
(52,	1,	1,	'0256363636',	'demandedrh@gmail.com',	'dfefefe',	'2024-05-23',	916),
(53,	1,	1,	'0256363636',	'demandedrh@gmail.com',	'dfefefe',	'2024-05-23',	916),
(54,	1,	1,	'0256363636',	'demandedrh@gmail.com',	'from',	'2024-05-23',	916),
(55,	1,	1,	'0256363636',	'test@gmail.fr',	'rferfer',	'2024-05-23',	916),
(56,	1,	1,	'0256363636',	'test@gmail.fr',	'iyèiyiy',	'2024-05-23',	916),
(57,	1,	1,	'0256363636',	'demandedrh@gmail.com',	'dffe',	'2024-05-23',	916),
(58,	1,	1,	'0256363636',	'demandedrh@gmail.com',	'rererere',	'2024-05-23',	916),
(59,	1,	1,	'0256363636',	'demandedrh@gmail.com',	'okokok',	'2024-05-23',	916),
(60,	1,	1,	'0256363636',	'demandedrh@gmail.com',	'dernier',	'2024-05-23',	916),
(61,	1,	1,	'0256363636',	'demandedrh@gmail.com',	'rerere',	'2024-05-23',	916),
(62,	1,	1,	'0256363636',	'test@gmail.fr',	'fefef',	'2024-05-23',	916),
(63,	1,	1,	'0256363636',	'demandedrh@gmail.com',	'tres',	'2024-05-23',	916),
(64,	1,	1,	'0256363636',	'demandedrh@gmail.com',	'rererer',	'2024-05-23',	916),
(65,	1,	1,	'0256363636',	'demandedrh@gmail.com',	'trtrtr',	'2024-05-23',	916),
(66,	1,	1,	'0256363636',	'demandedrh@gmail.com',	'reftrg',	'2024-05-23',	916),
(67,	1,	1,	'0256363636',	'test@gmail.fr',	'ertdfghg',	'2024-05-23',	916),
(68,	1,	1,	'0256363636',	'demandedrh@gmail.com',	'dervrvr',	'2024-05-23',	916),
(69,	1,	1,	'0256363636',	'demandedrh@gmail.com',	'refdgf',	'2024-05-23',	916),
(70,	1,	1,	'0256363636',	'test@gmail.fr',	'azerty azerty',	'2024-05-23',	916),
(71,	1,	1,	'0785656232',	'demandedrh@gmail.com',	'Lorem ipsum Lorem ipsum Lorem ipsum Lorem ipsum Lorem ipsum Lorem ipsum Lorem ipsum Lorem ipsum Lorem ipsum Lorem ipsum Lorem ipsum Lorem ipsum Lorem ipsum Lorem ipsum Lorem ipsum Lorem ipsum Lorem ipsum Lorem ipsum Lorem ipsum Lorem ipsum Lorem ipsum Lorem ipsum Lorem ipsum Lorem ipsum Lorem ipsum Lorem ipsum Lorem ipsum Lorem ipsum Lorem ipsum Lorem ipsum Lorem ipsum Lorem ipsum Lorem ipsum Lorem ipsum Lorem ipsum Lorem ipsum Lorem ipsum Lorem ipsum Lorem ipsum Lorem ipsum Lorem ipsum Lorem ipsum Lorem ipsum Lorem ipsum Lorem ipsum Lorem ipsum Lorem ipsum Lorem ipsum Lorem ipsum Lorem ipsum Lorem ipsum Lorem ipsum Lorem ipsum Lorem ipsum Lorem ipsum Lorem ipsum Lorem ipsum Lorem ipsum',	'2024-05-23',	916),
(72,	1,	1,	'0785656232',	'test@gmail.fr',	'refdcvghnbjy',	'2024-05-23',	916),
(73,	1,	1,	'0256363636',	'demandedrh@gmail.com',	'refdcvnbnghjku',	'2024-05-23',	916),
(74,	1,	1,	'0256363636',	'demandedrh@gmail.com',	'test raison',	'2024-05-23',	916),
(75,	1,	1,	'0785656232',	'demandedrh@gmail.com',	'refdcv',	'2024-05-23',	916),
(76,	1,	1,	'0256363636',	'demandedrh@gmail.com',	'refdmlpo',	'2024-05-23',	916),
(77,	1,	1,	'0256363636',	'demandedrh@gmail.com',	'parce que',	'2024-05-23',	916),
(78,	1,	1,	'0256363636',	'demandedrh@gmail.com',	'pmokubtc',	'2024-05-23',	916),
(79,	1,	1,	'0256363636',	'test@gmail.fr',	'jkgfmhgfe',	'2024-05-23',	916),
(80,	1,	1,	'0785656232',	'test@gmail.fr',	'plokijuhygtfrd',	'2024-05-23',	916),
(81,	1,	1,	'0256363636',	'test@gmail.fr',	'knbfhevfejhf',	'2024-05-23',	916),
(82,	1,	1,	'0785656232',	'demandedrh@gmail.com',	'rffrfef',	'2024-05-23',	916),
(83,	1,	1,	'0785656232',	'demandedrh@gmail.com',	'gfhgjh',	'2024-05-23',	916),
(84,	1,	1,	'0785656232',	'demandedrh@gmail.com',	'gfhgjh',	'2024-05-23',	916),
(85,	1,	1,	'0256363636',	'test@gmail.fr',	'rrrrrrrrrrrrrrrrr',	'2024-05-23',	916),
(86,	1,	1,	'0256363636',	'test@gmail.fr',	'rrrrrrrrrrrrrrrrr',	'2024-05-23',	916),
(87,	1,	1,	'0256363636',	'demandedrh@gmail.com',	'rfeokhzd',	'2024-05-23',	916),
(88,	1,	1,	'0256363636',	'demandedrh@gmail.com',	'pmolikujyhtg',	'2024-05-23',	916),
(89,	1,	1,	'0256363636',	'demandedrh@gmail.com',	'pmolikujyhtg',	'2024-05-23',	916),
(90,	1,	1,	'0256363636',	'demandedrh@gmail.com',	'pmolikujyhtg',	'2024-05-23',	916),
(91,	1,	1,	'0256363636',	'demandedrh@gmail.com',	'pmolikujyhtg',	'2024-05-23',	916),
(92,	1,	1,	'0256363636',	'demandedrh@gmail.com',	'pmolikujyhtg',	'2024-05-23',	916),
(93,	1,	1,	'0256363636',	'demandedrh@gmail.com',	'hjgdckhdkh',	'2024-05-23',	916),
(94,	1,	1,	'0256363636',	'demandedrh@gmail.com',	'eaeazeaeaz',	'2024-05-23',	916),
(95,	1,	1,	'0256363636',	'demandedrh@gmail.com',	'gthty(t',	'2024-05-23',	916),
(96,	1,	1,	'0256363636',	'demandedrh@gmail.com',	'gthty(t',	'2024-05-23',	916),
(97,	1,	1,	'0256363636',	'demandedrh@gmail.com',	'gthty(t',	'2024-05-23',	916),
(98,	1,	1,	'0256363636',	'demandedrh@gmail.com',	'gthty(t',	'2024-05-23',	916),
(99,	1,	1,	'0256363636',	'demandedrh@gmail.com',	'gthty(t',	'2024-05-23',	916),
(100,	1,	1,	'0256363636',	'demandedrh@gmail.com',	'gthty(t',	'2024-05-23',	916),
(101,	1,	1,	'2536362514',	'frf@gmail.fr',	'rfr',	'2024-05-23',	916),
(102,	1,	1,	'0256363636',	'demandedrh@gmail.com',	'olikujyhn',	'2024-05-23',	916),
(103,	1,	1,	'0785656232',	'test@gmail.fr',	'ezezez',	'2024-05-23',	916),
(104,	1,	1,	'0785656232',	'demandedrh@gmail.com',	'tre tre',	'2024-05-23',	916),
(105,	1,	1,	'0785656232',	'demandedrh@gmail.com',	'tre tre',	'2024-05-23',	916),
(106,	1,	1,	'2563254115',	'demandedrh@gmail.com',	'parce que test outlook',	'2024-05-23',	916),
(107,	1,	1,	'2536362514',	'test@gmail.fr',	'Test mail 24/05 matin',	'2024-05-24',	916),
(108,	1,	1,	'0256363636',	'demandedrh@gmail.com',	'<script>alert(\'piratage\')</script>',	'2024-05-24',	916),
(109,	1,	1,	'0256363636',	'demandedrh@gmail.com',	'test padding',	'2024-05-24',	916),
(110,	1,	1,	'0256363636',	'demandedrh@gmail.com',	'ertert',	'2024-05-24',	916),
(111,	1,	1,	'0785656232',	'test@gmail.fr',	'fefefe',	'2024-05-24',	916),
(112,	1,	1,	'0256363636',	'test@gmail.fr',	'dfefe',	'2024-05-24',	916),
(113,	1,	1,	'0785656232',	'florent@gfmo.fr',	'florent@gfmo.fr',	'2024-05-27',	916),
(114,	1,	1,	'0785656232',	'demandedrh@gmail.com',	'test',	'2024-05-27',	916),
(115,	1,	1,	'0785656232',	'demandedrh@gmail.com',	'test',	'2024-05-27',	916),
(116,	1,	1,	'0785656232',	'demandedrh@gmail.com',	'test',	'2024-05-27',	916),
(117,	1,	1,	'0785656232',	'demandedrh@gmail.com',	'test',	'2024-05-27',	916),
(118,	1,	1,	'0785656232',	'demandedrh@gmail.com',	'alert(\'test secu\')',	'2024-05-27',	916),
(119,	1,	1,	'0256363636',	'demandedrh@gmail.com',	'alert()',	'2024-05-27',	916),
(120,	1,	1,	'0256363636',	'demandedrh@gmail.com',	'alert(\'test secu\') Test de sécurité',	'2024-05-27',	916),
(121,	1,	1,	'0563256985',	'demandedrh@gmail.com',	'parce que ',	'2024-05-28',	916),
(122,	1,	1,	'0256363636',	'demandedrh@gmail.com',	'redfcv',	'2024-06-03',	916),
(123,	1,	1,	'0125252525',	'test@gmail.fr',	'test non docker',	'2024-06-24',	916),
(124,	1,	1,	'0125252525',	'test@gmail.fr',	'test mail',	'2024-06-24',	916),
(125,	1,	1,	'0125252525',	'test@gmail.fr',	'test mail',	'2024-06-24',	916),
(126,	1,	1,	'0125252525',	'test@gmail.fr',	'test mail',	'2024-06-24',	916),
(127,	1,	1,	'0125252525',	'test@gmail.fr',	'test mail',	'2024-06-24',	916),
(128,	1,	1,	'0125252525',	'test@gmail.fr',	'test mail',	'2024-06-24',	916),
(129,	1,	1,	'0125252525',	'test@gmail.fr',	'test mail',	'2024-06-24',	916),
(130,	1,	1,	'0125252525',	'test@gmail.fr',	'test mail',	'2024-06-25',	916),
(131,	1,	1,	'0125252525',	'test@gmail.fr',	'test mail',	'2024-06-25',	916),
(132,	1,	1,	'0125366958',	'test@gmail.fr',	'Test Mail',	'2024-06-25',	916);

DROP TABLE IF EXISTS `service`;
CREATE TABLE `service` (
  `id` int NOT NULL AUTO_INCREMENT,
  `email_secretariat` varchar(255) COLLATE utf8mb4_unicode_ci NOT NULL,
  `label` varchar(255) CHARACTER SET utf8mb4 COLLATE utf8mb4_unicode_ci NOT NULL,
  `email_responsable` varchar(255) COLLATE utf8mb4_unicode_ci NOT NULL,
  `email_secretariat_2` varchar(255) COLLATE utf8mb4_unicode_ci DEFAULT NULL,
  PRIMARY KEY (`id`)
) ENGINE=InnoDB DEFAULT CHARSET=utf8mb4 COLLATE=utf8mb4_unicode_ci;

INSERT INTO `service` (`id`, `email_secretariat`, `label`, `email_responsable`, `email_secretariat_2`) VALUES
(1,	'testdeveloppment@gmail.com',	'Cityker',	'testdeveloppment@gmail.com',	'testdeveloppment2@gmail.com'),
(2,	'testdeveloppment@outlook.fr',	'Direction Administrative et Financière',	'testdeveloppment@outlook.fr',	NULL),
(3,	'testdeveloppment@outlook.fr',	'Direction Commercial',	'testdeveloppment@outlook.fr',	NULL),
(4,	'testdeveloppment@outlook.fr',	'Direction des Transports',	'testdeveloppment@outlook.fr',	NULL),
(5,	'testdeveloppment@outlook.fr',	'Direction Développement',	'testdeveloppment@outlook.fr',	NULL),
(6,	'testdeveloppment@outlook.fr',	'Direction Générale',	'testdeveloppment@outlook.fr',	NULL),
(7,	'testdeveloppment@outlook.fr',	'Direction Ressources Humaines',	'testdeveloppment@outlook.fr',	NULL),
(8,	'testdeveloppment@outlook.fr',	'Direction Stationnement',	'testdeveloppment@outlook.fr',	NULL),
(9,	'testdeveloppment@outlook.fr',	'Direction Technique',	'testdeveloppment@outlook.fr',	NULL),
(10,	'testdeveloppment@outlook.fr',	'Service Administratif Exploitation Transports',	'testdeveloppment@outlook.fr',	NULL),
(11,	'testdeveloppment@outlook.fr',	'Service Contrôle',	'testdeveloppment@outlook.fr',	NULL),
(12,	'testdeveloppment@outlook.fr',	'Service Marketing',	'testdeveloppment@outlook.fr',	NULL),
(13,	'testdeveloppment@outlook.fr',	'Service Propreté Logistique et Maintenance',	'testdeveloppment@outlook.fr',	NULL),
(14,	'testdeveloppment@outlook.fr',	'Service Communication',	'testdeveloppment@outlook.fr',	NULL);

DROP TABLE IF EXISTS `user`;
CREATE TABLE `user` (
  `id` int NOT NULL AUTO_INCREMENT,
  `username` varchar(180) CHARACTER SET utf8mb4 COLLATE utf8mb4_unicode_ci NOT NULL,
  `roles` json NOT NULL,
  `password` varchar(255) CHARACTER SET utf8mb4 COLLATE utf8mb4_unicode_ci NOT NULL,
  PRIMARY KEY (`id`),
  UNIQUE KEY `UNIQ_8D93D649F85E0677` (`username`)
) ENGINE=InnoDB DEFAULT CHARSET=utf8mb4 COLLATE=utf8mb4_unicode_ci;

INSERT INTO `user` (`id`, `username`, `roles`, `password`) VALUES
(916,	'admin',	'[\"ROLE_ADMIN\", \"ROLE_ACTIF\", \"ROLE_USER\"]',	'$2y$13$Ctu708ksOXq8fZBjZPMbuuAnj/oAc.U332x7vuGjpTcZPTqZ/rjBS'),
(918,	'AARON ERIC JEAN',	'[\"ROLE_ACTIF\"]',	'$2y$13$f2yNC0cmpDRcsSXXSJWseu.63NfZ/SUW94COY2dZjj.K5mRc8yRh.'),
(919,	'ABROUSSE NATHALIE',	'[\"ROLE_ACTIF\"]',	'$2y$13$o/kUdTvbqB0obpP3Q47CBuK9gHpcDrOMq0mpQRsxp.StlRmnfsQme'),
(920,	'AFFANE ATTOUMANI',	'[\"ROLE_ACTIF\"]',	'$2y$13$BBbjJ2whc9CiZVI/2oTSH.KmOkvDyozsGv.tPasiZs7tl.QRlWWgy'),
(921,	'AHAMADA ISMAEL',	'[\"ROLE_ACTIF\"]',	'$2y$13$fkP2VxzxW8DY05bKD947lu0VRv1l.MukOzpcbfreRu2kxceNd1tja'),
(922,	'AHAMED MADI',	'[\"ROLE_ACTIF\"]',	'$2y$13$KAhhbIRNkRGAZtloFEZXdeMeslLe3grzQThq/1Mdu6pgPWaYS98te'),
(923,	'AHMED HAMADI MANAOARY',	'[\"ROLE_ACTIF\"]',	'$2y$13$xDm9ENWGPBJue5kbEM3RI.aPbJfE8AsDJ7fanhYCHpAqsgRkMieFi'),
(924,	'AHNET VINCENT',	'[\"ROLE_ACTIF\"]',	'$2y$13$DHZkBnawrd6plRGJFS2tT.P8nm3W/kIRKnS2ZBkHE5CzPrPaRDxWC'),
(925,	'AH-YONE CHRISTINE M FRANCOISE',	'[\"ROLE_ACTIF\"]',	'$2y$13$y7zEJ8no4r292b0IvGFNWutwyyAu3zkGHAlirSGOo4ibraA7F00bq'),
(926,	'ALBICE DIMITRI',	'[\"ROLE_ACTIF\"]',	'$2y$13$XP2qmQE4zxXSWGkL6pMzeOFwBHAHUsqV6DR2nZ5b6nKW80drecXvS'),
(927,	'ALPOU JENNIFER',	'[\"ROLE_ACTIF\"]',	'$2y$13$dFRc9Eq7M8edI3h.9.K.l.d32LBTtZPLWEZodtLutnTqRWSiPenU6'),
(928,	'ALPOU BOULAQUE JEAN PASCAL',	'[\"ROLE_ACTIF\"]',	'$2y$13$qSnX5V05H33AFAFZ0kAgouNTCrY9UW6eNw/p7Nd7CtmEqUmZlTk16'),
(929,	'ALPOU BOULAQUE MARIE FARIDA',	'[\"ROLE_ACTIF\"]',	'$2y$13$JuEtHQQ8/lX1tRwU95L11O/2czRnuLZ2uFXqMS2xZWq1n72Z6OJpW'),
(930,	'ALTIERI CHRISTOPHE',	'[\"ROLE_ACTIF\"]',	'$2y$13$yhOhqDQAOLI6TvXyCo2sCuLfYb30low2IODigrHrX8bDVzAvZLWhq'),
(931,	'AMSING PASCAL JEAN DANIEL',	'[\"ROLE_ACTIF\"]',	'$2y$13$hVaSaUOz.bf2gaw/l6R/aujxlxWMRVnIsjzWsasjvi5nWfcsUe5Ly'),
(932,	'ANACOYA SANDY',	'[\"ROLE_ACTIF\"]',	'$2y$13$EljZjR8/EFeX2Wfh65Gqduz0d1AnJtkQKNk18l/eKvgd2Z3/IjZ6S'),
(933,	'ANANDIN MARIE LAURE',	'[\"ROLE_ACTIF\"]',	'$2y$13$t.8/O6UhvOo/h4TTtpZF2.uMeTzyQZfUgLUITyHgUD9G.ZCG9xogi'),
(934,	'ANAS MARIE KARINE',	'[\"ROLE_ACTIF\"]',	'$2y$13$OkE/Hml6Sd5e819Hg/tu0OcobUpNPGdiSCm2oNN76AJdOisvIyK.e'),
(935,	'ANDRIANARISON JAONA HERINIAINA',	'[\"ROLE_ACTIF\"]',	'$2y$13$UmZsEAhjeOnkTn9wP5y8Xu9Ag6DXHEKc2.YRjodMZ9LXIoa6tZEm.'),
(936,	'ANDY JOCELYN',	'[\"ROLE_ACTIF\"]',	'$2y$13$JCCTq8D9IF2a/33JBKnJQuVman0yQqodIdu/DJnI9YDdhdyE91P9u'),
(937,	'ANDY VIVIAN',	'[\"ROLE_ACTIF\"]',	'$2y$13$ajtc5zIoYE4nmfRRNhfuZenY.Hvp0znIUrSW6uRp0CHgEErqpP34e'),
(938,	'APTE JEAN BRUNO',	'[\"ROLE_ACTIF\"]',	'$2y$13$oxyizQVRnb8XyaPTuaYz5u/1w4x3sSehfPVMvoyW/WyJfY9YWcO0O'),
(939,	'ARMON MOUNOUSSAMY MARIE SYLVIE',	'[\"ROLE_ACTIF\"]',	'$2y$13$4ljdbt1MXuLrk.y.jihjD.nHkOX1JR6BjKZ4855U2oLeIV.uKef92'),
(940,	'ARTHUR FREDERICK DANIEL',	'[\"ROLE_ACTIF\"]',	'$2y$13$tGRu.idfaWsf.haz6q89reUSczUGJ6w/HGnqMiBKrLSAfUXUu2lIO'),
(941,	'ASSABY SOURESH KOUMAR',	'[\"ROLE_ACTIF\"]',	'$2y$13$pGFQT5GZtzDlkOgvHrBBNuEyKGkZsxTECJyg5siFA.pKR5e2N1IwG'),
(942,	'ASSAMA JEAN BERNARD',	'[\"ROLE_ACTIF\"]',	'$2y$13$WtCsNVcOurLWY4/z.4fnpO7ZTSBs96ZGmUTN/1.5RAavG/HRxqdjC'),
(943,	'AUPIN LOIC GILBERT',	'[\"ROLE_ACTIF\"]',	'$2y$13$v13Drj5p7CWYKcwRwX7oJuTv6zyPy7D8.ne/y7zonYWc6.PeJNdMy'),
(944,	'AURE THIERRY JEAN',	'[\"ROLE_ACTIF\"]',	'$2y$13$7gA71ph/DuDGTSf/TqtG0eYsiYjQOWNJCMgieiuTt3iq1OGQNDkQm'),
(945,	'BAILLIF ALAIN',	'[\"ROLE_ACTIF\"]',	'$2y$13$QJfy.I5Ur.2WizCceeyTvO9QYi.5raOgSQ3Sl/RZ0CoEdmo2dsGNS'),
(946,	'BAILLIF CLAUDE MICHEL',	'[\"ROLE_ACTIF\"]',	'$2y$13$Jxmf7y17JtkVih5QgcpKVuA2QimA/jfE2yolq/556t.Hqwz7mEF9G'),
(947,	'BAKARI HAMED',	'[\"ROLE_ACTIF\"]',	'$2y$13$WXR5Z1Y5NZxKyGyabwtMeuOaWA1EPgHqkPGH.80Dipvw.9OBaIVCm'),
(948,	'BALEYA JASMINE MONIQUE',	'[\"ROLE_ACTIF\"]',	'$2y$13$Wcc4fASjVUhQUV7QAYsQyuJcCi6/sAjP2Hty9Qz8gX6BlOLUG7saG'),
(949,	'BANCALA MARIE LUCIE',	'[\"ROLE_ACTIF\"]',	'$2y$13$P.n.l0mQaYDd8t3qXgrzv.CjG1ZcS6InxW0Gi2uGupudrfYnv4tpO'),
(950,	'BANGAR JEAN MARIE',	'[\"ROLE_ACTIF\"]',	'$2y$13$RuD3c9IIFJ9wERBqkt5DIeRJeFG4cQA1fQ6oPKNZoWOGz/BKiZAJe'),
(951,	'BARDI BRICE JEAN ALEXANDRE',	'[\"ROLE_ACTIF\"]',	'$2y$13$EPNsOQY2B7WqTfDPHvyiHu/FOdmUcrjHTgbCNzTVtUo0EnC0ANi.6'),
(952,	'BARET MARIE DORINE',	'[\"ROLE_ACTIF\"]',	'$2y$13$SAAYv.ASjtHuWEcEJG/KIeb2T5Rwuz/MS5BlTcuxGGon4UJ2dX5fW'),
(953,	'BLUKER ELOI',	'[\"ROLE_ACTIF\"]',	'$2y$13$ATazZx.M.rMy2qhnzZ6oNehBlmcXfNTQQ/7yCIAsqyyKSSPtyARYG'),
(954,	'BOURANE BORIS JEAN PHILIPPE',	'[\"ROLE_ACTIF\"]',	'$2y$13$ptvw23lscB6gL9zAMEqfS.tZzmLnDA4EL9jZSx44.H4oVazsTYQ.W'),
(955,	'BOURLY JACQUES',	'[\"ROLE_ACTIF\"]',	'$2y$13$Mkvjv5ur0PQSPuPyjvTYh.TLZSZhFpK9JpTm8KQSzoIsBLzV80itm'),
(956,	'BOYER GIOVANNI JOSEPH',	'[\"ROLE_ACTIF\"]',	'$2y$13$/2fSq.NPfQjmXtAhQc5B8uY2pHUG5LVezvPBmTq19XOuAdGSE8Twu'),
(957,	'BOYER JEROME CELDRIC',	'[\"ROLE_ACTIF\"]',	'$2y$13$XSGiFjGvkil2YkYwYBFh1ucDw5fnx6o8dIPFOnWHN2l9jBgy1TJ2G'),
(958,	'BOYER JORIS LAURENZY',	'[\"ROLE_ACTIF\"]',	'$2y$13$B4c2dBgycUzoD45Z/YvJPegp448bLYQX2clHhk7acQFVDRTbRB.Km'),
(959,	'BOYER KEVIN JEAN LOÏC',	'[\"ROLE_ACTIF\"]',	'$2y$13$6/laAx/Hh8UdMRAefXDOt.7W94Mq5w16Z2GfdLve0RjHPjXPAl00q'),
(960,	'BOYER RENE SOSTHENE',	'[\"ROLE_ACTIF\"]',	'$2y$13$2BNbq9k7DyXa8GBxxcHw4OrjDIBHxFtrH3jkyJIIkseuh0hO/jj9y'),
(961,	'BOYER SAID',	'[\"ROLE_ACTIF\"]',	'$2y$13$8mYsAwrOBxWmImoNy8b1teN3NEJfexlf7W.HrcG/pyV1rhOF8EOZa'),
(962,	'BOYER SEPHORA',	'[\"ROLE_ACTIF\"]',	'$2y$13$WIsj9KcRq3oF5Xz.z3SIRupkoZlYzrMkKMvFltRFuqtYdaSwsYi5S'),
(963,	'BRENNUS DAMISE MARIE ASTRID',	'[\"ROLE_ACTIF\"]',	'$2y$13$Gw5uI77Kiz3q9c7TCqCrD.T7ELHDlrWrUFLzPYZGX/oIa6iplUkDa'),
(964,	'BREZE HUGUES JACQUES',	'[\"ROLE_ACTIF\"]',	'$2y$13$DspWSgERJKTJImlWkzvBiuagpkMvGHXL5pJVVzjxZU1nP6gPwSUT2'),
(965,	'BREZE OLIVIER JOSEPH JACQUES',	'[\"ROLE_ACTIF\"]',	'$2y$13$7p9qnXbleySfLTlnjZCTSe1.TI8F8leoDitCy5mTgwolLPrcIYcSG'),
(966,	'BREZE THIERRY SERGE',	'[\"ROLE_ACTIF\"]',	'$2y$13$2nTYMswFCUrm9syNlcZkAeuHPHfbH0KjLjM6HsJayp2QYE2XMTtNu'),
(967,	'BRUGUIER STEPHANE LAURENT',	'[\"ROLE_ACTIF\"]',	'$2y$13$InIwJ.oDeTGacCZxV5PideXQDcERC3mGZ6Fob85P5K/FMOXAhGXW6'),
(968,	'BUDEL JEAN HUGUES REMY',	'[\"ROLE_ACTIF\"]',	'$2y$13$HLesa06.z7oURadbPT4AWuPXohYov5/PLx7/lF7N/n54KBKyFXSUm'),
(969,	'BUISSON DE LARICHAUDY CLARA SAMUELA',	'[\"ROLE_ACTIF\"]',	'$2y$13$emjCptLREV0fCrCDtSAvL..kuxvFilCenZiUHipvv7/fetkmmffLC'),
(970,	'CADENET LAURENCE',	'[\"ROLE_ACTIF\"]',	'$2y$13$bZu/cKVc7u2EseO5hhRZR.F7ePtvBgYcghYZau3dYRI/ZVX31xbQ6'),
(971,	'CALY LUDOVIC',	'[\"ROLE_ACTIF\"]',	'$2y$13$jqQPHj.JYZ4CikhTr8J2hOsOt38bcyI8dcLTu2qmZPnQorOmSrBNC'),
(972,	'CAMBRAY IDRISS JEAN MAX',	'[\"ROLE_ACTIF\"]',	'$2y$13$JscJ5vKoNM82Pgpdpcd8Ie5pi/r1P6upj8UNOSDClAyObMRnkfjli'),
(973,	'CANAGUY JIMMY',	'[\"ROLE_ACTIF\"]',	'$2y$13$jLSS0I20FH5mV1lXpBzPDervqu6s60rR1tefvulkixi/i9WA5MKMy'),
(974,	'CARRIE CLEMENT',	'[\"ROLE_ACTIF\"]',	'$2y$13$M8SEX9hw46nfNK6d34Arju3i0wwmCb8zWJ.Nwi/8dhWC0/XDJJZm.'),
(975,	'CARRON JEAN ALAIN',	'[\"ROLE_ACTIF\"]',	'$2y$13$qrvsq/QE1oAZX3JhSfyA8e732wmDe1liKERmDoCitQmXpWvksWSNi'),
(976,	'CASTEL GREGORY',	'[\"ROLE_ACTIF\"]',	'$2y$13$oqVlOMMguzvLFZd9pgRode4XLnRZa7FnWSSRV1tkGWkZBQLc3LPfy'),
(977,	'CAVILLOT MICHELLE MARIE PRISCA',	'[\"ROLE_ACTIF\"]',	'$2y$13$PclqO9hBtTveagRDJvgS9.QXHd/t2EEproZDLzlOqwuCLaPteoOHq'),
(978,	'CHABOT JEAN FRANCOIS',	'[\"ROLE_ACTIF\"]',	'$2y$13$Y0PAOPZ6SXNG53row7odJexPBwSdCeEzXVuq2sNJ1nsDOoqcoyKpe'),
(979,	'CHANE-LAW CLAUDE FRANçOIS',	'[\"ROLE_ACTIF\"]',	'$2y$13$YtRNQZ200cjilpsmyqDiLurfstCKjzjN3k/pN4S8Vf6uVcSmHBjY2'),
(980,	'CHARLETTE RICHELET JEAN DORIS',	'[\"ROLE_ACTIF\"]',	'$2y$13$ccCUTLcL8wWf6s4UorZqa.VVUt.tW069X0hAZuV.HUAT1XethXg5y'),
(981,	'CHOPINET REMY',	'[\"ROLE_ACTIF\"]',	'$2y$13$kd66QjXUNYmUNCVt.rOjwuRIOJIxJIFhUfZOyDzGonPdQQEcLHZ3K'),
(982,	'CLAIN GWENDOLINE',	'[\"ROLE_ACTIF\"]',	'$2y$13$fqSNOHVY9Q6nWyWvpwEnNuzwXmZpb9OnqZ5YwIcgTVkOqLEQUOrpO'),
(983,	'CLEMENT SEBASTIEN LUC',	'[\"ROLE_ACTIF\"]',	'$2y$13$5UPsskP4eIJURMSdzHK0X.E6D4UDJbBYQhksPJhm66BevlxCcu72W'),
(984,	'CLORATE JEAN JOHNNY',	'[\"ROLE_ACTIF\"]',	'$2y$13$Wn2TCZJlfJxQkBmhy5CPfOVIBoeHTa01vuypr.IU/VTwTJMjxmWb6'),
(985,	'CLOVIS JACQUES LUDERCE',	'[\"ROLE_ACTIF\"]',	'$2y$13$7HRNpZJWOBBipxES.m3FuuQH6H8E0KYNyqEvnKu5e0WrWJ6OXMAtq'),
(986,	'CONSTANT EDDY CHARLES',	'[\"ROLE_ACTIF\"]',	'$2y$13$VpIxilnswxpCoVat2Z7aFeqtmXIY0HIup6SMNNFdrkKqOrfWMRyg.'),
(987,	'CONSTANT RICHARD',	'[\"ROLE_ACTIF\"]',	'$2y$13$ZpslqFdXQY8a/dBU.puIK.O7MAyFyAX/kd.OQqlsOaRz23zi/KIQ6'),
(988,	'CORRE PATRICK',	'[\"ROLE_ACTIF\"]',	'$2y$13$7m1DbQMbgb67u2rxCmqU0uHFBWyoCq8JX10jCwNxpRWYmGmJ.xWce'),
(989,	'COULAMA MOUNITCHY JIMMY',	'[\"ROLE_ACTIF\"]',	'$2y$13$INp9hEhLlB8fi/8/.hT8UefF0nQN0rJmcLonXHwKYBuQ.xqMYaSsu'),
(990,	'CUSTINE WILLIAM',	'[\"ROLE_ACTIF\"]',	'$2y$13$/g/Koa1KqEUiVyHRKJmihO0f5OsEuOyAF5zxcccqNcuuq7T53MWtW'),
(991,	'DALIA REINE CLAUDE',	'[\"ROLE_ACTIF\"]',	'$2y$13$Ex7QCier9T9lU0gSJ2.w8eTVjOZzRa33hTNWP72mjdlgQfuF2Yuzq'),
(992,	'DALLEAU JEAN FRANCOIS',	'[\"ROLE_ACTIF\"]',	'$2y$13$Bsh5Hz6uRq6LVfD6eqhDR.ZriuvWREISRxEvpcgIxwSlCt.WQ8u2G'),
(993,	'DALLEAU PASCAL JEAN LUCAS',	'[\"ROLE_ACTIF\"]',	'$2y$13$FVZtGu5j5ACd.Foug2jxo.bkLzRjA8TF0mct8rFSn4VgWTxcwg8Ay'),
(994,	'DAMOUR CHRISTOPHER',	'[\"ROLE_ACTIF\"]',	'$2y$13$IPEtNA97Wgqv8TpnyvKSV.dNFtdoiE5/Hb8e/WsTzTn3DUUiH01RW'),
(995,	'DAMOUR THIERRY',	'[\"ROLE_ACTIF\"]',	'$2y$13$EELa5uAcXyI4hqgCyCaIHegkb9ttos4vbPwOKOr2vn2nZV85Jhp5i'),
(996,	'DE LARICHAUDY MARIE PIERETTE',	'[\"ROLE_ACTIF\"]',	'$2y$13$Oh/nwTztVgXCun3m7QuvrO2ePyvKTo0bKX/KuAUFptxYYG3oO6pre'),
(997,	'DELATRE FRANCINE',	'[\"ROLE_ACTIF\"]',	'$2y$13$7/UyHflr.iChao6Y4/esleR/sK43yYpvvNBWb2nxPSg7Rw3nYas9q'),
(998,	'DELIAC FABIENNE MARIE-CLAUDE',	'[\"ROLE_ACTIF\"]',	'$2y$13$Skp/ioJxSjpe0MzUQI1AQ.1ngMpwqMrHqVQGricPxt78LGQLir3fi'),
(999,	'DELJOOR ISSA',	'[\"ROLE_ACTIF\"]',	'$2y$13$jipACQMWBMAmDOAbZB4YG.S1bq4Jcboue6R.WYmFgYZC60Gh.C7lO'),
(1000,	'DELMAS MARIE AMANDINE',	'[\"ROLE_ACTIF\"]',	'$2y$13$8XhzYSaOdv5t.qCZxo55s.qUY/gXBXUc2PN9W47FgDnX1qUgF5Cba'),
(1001,	'DENAGE SOPHIE MARCELLE',	'[\"ROLE_ACTIF\"]',	'$2y$13$Yp/WnWCHKkO67oadG/SsbunwisvZNaXv7LgNwsdXuoK05BAWuTNda'),
(1002,	'DEPECHE DANY JEAN',	'[\"ROLE_ACTIF\"]',	'$2y$13$uB0RRjaELINaDjX8R5bmZ..uXDWfQPWZMbP9AwThVe8TKbfxU6KPa'),
(1003,	'DESIRE JOSEPH JIMMY',	'[\"ROLE_ACTIF\"]',	'$2y$13$886zGDYxDPsh5vZGE12f7OHeC28UG6ebFUChvERrxVmlnrcorgIyO'),
(1004,	'DIJOUX JEAN HUGUES',	'[\"ROLE_ACTIF\"]',	'$2y$13$7woqGv4AvmQe9jaiEjkdJe8YuMiS/eruHenGI5BFtmNfITiC8lPO2'),
(1005,	'DIJOUX MARIE  PIERRE',	'[\"ROLE_ACTIF\"]',	'$2y$13$HRNfQhd/FEHtLJhyoYf6jODl.8L.2Bb6wPXe50mO3DoNB7gi7jWwW'),
(1006,	'DINOT NADEGE M CHRISTINE',	'[\"ROLE_ACTIF\"]',	'$2y$13$LoNQUC./sI4fHs6scdhk6.z0D0tzYWLQNSMdt9ifdN.Vk4/Wnm8aS'),
(1007,	'DOMITILE ANIEL',	'[\"ROLE_ACTIF\"]',	'$2y$13$LPVBvgVTOsNLDDpjOYXi2O6zrjUP4ZliADQ2Gwh8aYeu7q06/CuFe'),
(1008,	'DORALI JEAN MAX',	'[\"ROLE_ACTIF\"]',	'$2y$13$.4jcjPImLUWE0SsoCp7OEuW84LSfcj9eos.Xd1oBlWMWHp4no8CZG'),
(1009,	'DORIS JEAN-MAX',	'[\"ROLE_ACTIF\"]',	'$2y$13$vtrEXK2ZA4h.gbnbn/IJwevjLAPkc4SiXGnZvFR2rXMqiNnCvbKQO'),
(1010,	'DREINAZA JEAN CLAUDE',	'[\"ROLE_ACTIF\"]',	'$2y$13$0f96UAje80IFYlsAZ8.xbevAxn0oh7.iuk2RSi9yY0Yr5l5ulzs/i'),
(1011,	'DUBARD MURIELLE MARIE FRANCOISE',	'[\"ROLE_ACTIF\"]',	'$2y$13$x9JJubOrJzp/DasGof/9Ge0ZYfD9Hw8OixIUVLW8vf6gOa5EaUOSy'),
(1012,	'DUBARY JEAN ERIC',	'[\"ROLE_ACTIF\"]',	'$2y$13$AE4JA.cQ0srDC2nTmHXEIOMt5WCQNxjBq.VQavqbQ/3NjwexJeQ6O'),
(1013,	'DUBARY MARIE STEPHANIE',	'[\"ROLE_ACTIF\"]',	'$2y$13$LTISiLOa46TBTBo2R4fxT./GBN3kzoyGWdh8/em1IqSTqdSYhq4Hm'),
(1014,	'DUCHEMANN HENRI KARL',	'[\"ROLE_ACTIF\"]',	'$2y$13$UZCnWTJ.N.oxveum6Qv.N.Yf9D1ETxoshgPKPQMTluskWJo48XHVm'),
(1015,	'DUCHEMANN MOISE PASCAL',	'[\"ROLE_ACTIF\"]',	'$2y$13$fhpiIsCJ9S3u7g5B.agA6euPtTUMD4EZ96nMGo6o99sN/24yiQ4Su'),
(1016,	'ELEONORE ANDRE PHILIPPE',	'[\"ROLE_ACTIF\"]',	'$2y$13$c4p4jcFy0DztWg1SNIU/AeGoiJc35lCta/k1XbsYlclXPhU6kC.MC'),
(1017,	'ELLAMA JEAN RICHARD',	'[\"ROLE_ACTIF\"]',	'$2y$13$Fw11ECgbdljqLu2Aayb9iOOttUVZdLQ7trmGSHMafg7md8NlYr/CC'),
(1018,	'EMILE MARIE HELENE',	'[\"ROLE_ACTIF\"]',	'$2y$13$uWgB5JqOJwf8FE/xy8IkYe3CX27Bkl2KN/fxCKxO/ix1W.8tIEJfq'),
(1019,	'ESPARON GINET ARISTE',	'[\"ROLE_ACTIF\"]',	'$2y$13$E2YqpOIzDbb9lhRgaQmx2eCc9EX6V3UgQKustGN2pWZEecU1Fh/n2'),
(1020,	'EUPHRASIE JACK',	'[\"ROLE_ACTIF\"]',	'$2y$13$nyy0//FzQJwNCQEC2GMd2.Mk83Ik5SkrTicr2VMznhQPiihRnZudi'),
(1021,	'FADUILHE GILLES',	'[\"ROLE_ACTIF\"]',	'$2y$13$zhqI8PYHDFGoGNbMk3p6Xe.aOV.RM/lRKwXGxBMbwokWVDP5P5/zO'),
(1022,	'FICHORA LOIC',	'[\"ROLE_ACTIF\"]',	'$2y$13$Nq.5wZmdgloGeE8iS3xGnexm1ltBxT1Ar5KtZ9IQkOf6V1P4PlZxW'),
(1023,	'FIDALA GEORGES MARIE',	'[\"ROLE_ACTIF\"]',	'$2y$13$MjNiVBUVMxrUatcRPYtmi.91AlJ2wqkaZ2bY6w1/IVPEw74P8hNdW'),
(1024,	'FOLGOAT FRED',	'[\"ROLE_ACTIF\"]',	'$2y$13$wsOdlwbtZlGDJ5OOhCp1.OVK6ADUR3ZAD7kFLhlYwj.Vbbh/UycM2'),
(1025,	'FONTAINE ALAIN CEDRIC',	'[\"ROLE_ACTIF\"]',	'$2y$13$28pN6wncc57ZjyLQ5LQ6suYxtj8OLN75pVXuaVvcqD.BLsvRg8ZKe'),
(1026,	'FONTAINE GERALD',	'[\"ROLE_ACTIF\"]',	'$2y$13$gfn0s0UT8K1kI/h.iNCk8epLPuxZ/vLWBoT3JwuGd6vdpD6SZ8Mrm'),
(1027,	'FONTAINE ROBINSON JEAN CHRISTOPHE',	'[\"ROLE_ACTIF\"]',	'$2y$13$hafiywCGPC0cyPBYKRVq7.j6zGiBJs3yqeyMCaci8fJlhdTqC8sXC'),
(1028,	'FRANCISQUE FREDERIC',	'[\"ROLE_ACTIF\"]',	'$2y$13$jXFI.OPbbRwwHmZUdx1dU.PfZCmSshZi/o.r2uMdpNHmKP9D13sU.'),
(1029,	'FRANCOISE PAUL GERARD',	'[\"ROLE_ACTIF\"]',	'$2y$13$vVEyaW5uaygdP0cUzhbteugIQGE1Rij.kRYnDTncT/2S9uoF5Gwa.'),
(1030,	'FRANCOMME JANNICK',	'[\"ROLE_ACTIF\"]',	'$2y$13$WdHlqHLuddSoLlyFo1sxsuRZiNpBDNS4hnQb1LzF6RzUWPk/vJVwu'),
(1031,	'GADO LOLITA MARIE GHISLAINE',	'[\"ROLE_ACTIF\"]',	'$2y$13$sIIgt134FElhbe9CdyFeKuXsn4WpqrORjw1FD9s3fayqZTs4KRvI2'),
(1032,	'GAIA WILLY',	'[\"ROLE_ACTIF\"]',	'$2y$13$j1J/M/8B6iwESEX5Qjsz4eLxKMDaGfCFg2em7unhMHwnxxsosYO1W'),
(1033,	'GASP JEAN JOSEPH TEDDY',	'[\"ROLE_ACTIF\"]',	'$2y$13$5cfh7ezf/o3.8KgRTzVbW.obYzKI4l4XG9Y23stfEDOBZ/Wh2P4K.'),
(1034,	'GASP JEAN PATRICK',	'[\"ROLE_ACTIF\"]',	'$2y$13$S8hBK6Sgp7HXoXCg1mWwuuI7btc26CBk8/g19MqJhKMIgnAdEGzse'),
(1035,	'GASP JOHAN',	'[\"ROLE_ACTIF\"]',	'$2y$13$c5XLnDuUZ1P5TGJbo4bcAeZ84qICMn317KVbTLjaAEwi7aEBVCvwu'),
(1036,	'GAUDIEUX ERICK ALAIN',	'[\"ROLE_ACTIF\"]',	'$2y$13$gSkEzrkx2EuK6LjvhzY8zu.W/rJHFnAJIY5fDV9G1q0pZ6ALk4ZJm'),
(1037,	'GAUVIN SARAH MARIE CLARA',	'[\"ROLE_ACTIF\"]',	'$2y$13$hmk0YF54uFDXn7LkNOpVZu73QinI8fvPSOmhj6wb5h0b0AXZrFcbO'),
(1038,	'GENCE MAGUY',	'[\"ROLE_ACTIF\"]',	'$2y$13$.LLIUNvvtl/tSpdEQOzqQurNI7QSCPOYZyK.I41AXMIgkvvK.Pea6'),
(1039,	'GERMINAL AURELIE',	'[\"ROLE_ACTIF\"]',	'$2y$13$gPMbnEWikGHnV9LOvb8VyeuUyP5n1vUrU7aaKCjqnZBE7sC3ZBHo.'),
(1040,	'GIGAN VANESSA',	'[\"ROLE_ACTIF\"]',	'$2y$13$oGn8fxO6sm/R6q6/P0WBa.HnwHJXtU8OQ4WozsZYpOqaYxJ5lUrm.'),
(1041,	'GONTHIER GIRARD JEAN MICHEL',	'[\"ROLE_ACTIF\"]',	'$2y$13$1mj5.8Ush1sfItWlxyixF.mWu2cNCxjJGUytp0Vz8yte6gRDfGALa'),
(1042,	'GOULAN FREDY JEAN HECTOR',	'[\"ROLE_ACTIF\"]',	'$2y$13$CrWMxIj88Etmjjcy9ZWSPOMhEJcqUaYBDCsEJUFI7E0/mzOH3z.Ie'),
(1043,	'GOURAPA JEAN DANY',	'[\"ROLE_ACTIF\"]',	'$2y$13$ycgldO67kJWsH7kXnrqySOZ/B8Hz4ceJeGSbgQppMjmpoT.ZRpXYS'),
(1044,	'GRONDIN DAMIEN JEAN DANY',	'[\"ROLE_ACTIF\"]',	'$2y$13$r7uylR0PGgHCYfwzbAJWn.9JhfY/XCKI4oFomCwFUEY7UhGuqfQZm'),
(1045,	'GRONDIN DENISE',	'[\"ROLE_ACTIF\"]',	'$2y$13$eSWCcN.ZCH78WGkvQFSzMuq9oNVexA09u7iwkZP/n0nJjK62prll2'),
(1046,	'GRONDIN GREGORY JEAN MICHEL',	'[\"ROLE_ACTIF\"]',	'$2y$13$dt3XN0afLDfxL2U3OXrro.qSbPO1l03XoR/ZlguYkJbjDO.yzRrl.'),
(1047,	'GRONDIN JEAN RENE',	'[\"ROLE_ACTIF\"]',	'$2y$13$4x7squpnb1ttGt11pE8T0Oywcx.Ev0Uw/64k2l3Y3LpU1ePScQqKG'),
(1048,	'GRONDIN JONATHAN',	'[\"ROLE_ACTIF\"]',	'$2y$13$fPAf//OuE/GU1xsLttUQ8eH39vVYqE/ImtjbEKkMQpUYPfXlUEqjC'),
(1049,	'GRONDIN SULLY',	'[\"ROLE_ACTIF\"]',	'$2y$13$4PwAUGX99zxmkq1G7WL5Oe7Ny86su3JNrHuRK7ARo6Q7fZ6XUnNCG'),
(1050,	'GUICHARD JEAN FABRICE',	'[\"ROLE_ACTIF\"]',	'$2y$13$yNpyQ/1fd4Hypol31oh3z.IiR6NxTTuacLJXiZ402geNgb8Dk6YMq'),
(1051,	'HILAN JOCELYNE MARIE BEATRICE',	'[\"ROLE_ACTIF\"]',	'$2y$13$Wl6S6mzVq.KKd8.HodQo/eNQkd8hqauqZrOl7a5xLuINkspch47XO'),
(1052,	'HOARAU GUILAINE SYLVIE',	'[\"ROLE_ACTIF\"]',	'$2y$13$oiLO5zwDxb8xgpNTf9vARe3Su4IgTTaaUSrX.0hdKwlT.zywc.Zou'),
(1053,	'HOARAU JOSEPH-ERICK',	'[\"ROLE_ACTIF\"]',	'$2y$13$lYS0BdlnqkR9K9Gi9m663uQIzgrqjkMBKC0LIL.b8tCkQYVFaFd9a'),
(1054,	'HOAREAU GAELLE',	'[\"ROLE_ACTIF\"]',	'$2y$13$9L8hCHG212N3/gMelSJKMORUoSnnNVAr1iIreEkxrvj8hOU5/Ry.G'),
(1055,	'HUBERT SOPHIE ANNE',	'[\"ROLE_ACTIF\"]',	'$2y$13$tLgTmGjgYo.I25CPgemB/uW5RROnLuvyiX0aO9f9k36AW4srekO9q'),
(1056,	'IBRAHIM YASSIN IDRIS',	'[\"ROLE_ACTIF\"]',	'$2y$13$o5K2zdqdgkl6NQiN/C86Qe1MrkvBw9UUeq9lik4EvPnXZTYkYW6um'),
(1057,	'IMAHO JEAN PATRICK',	'[\"ROLE_ACTIF\"]',	'$2y$13$dnhlq7k3ouTa.Luz8LmhvuryGv7eXRnlwzXDt.dufDWwmRsV4sJhu'),
(1058,	'IMARY ISSARAMBE JEAN SONY',	'[\"ROLE_ACTIF\"]',	'$2y$13$3dp.SoHz8YktwJWYsUgq2.ZUncm9FRszRpjGkAhhqeVpgA57nTBbO'),
(1059,	'ISSA KAMALE RABY',	'[\"ROLE_ACTIF\"]',	'$2y$13$rX96I87amgpw/ilSUA6WOuldl93fQQK6FnKBUu9VajlYwJY0jlwU6'),
(1060,	'ITEMA SANCOUEZE NELCY',	'[\"ROLE_ACTIF\"]',	'$2y$13$9djg2rEgcZEERHcUAheEd.wLCVm1cjYNMuIUDLidhBo.qPntnEqkO'),
(1061,	'IVOULE MOUSSA XAVIER CHRISTOPHE',	'[\"ROLE_ACTIF\"]',	'$2y$13$KL1UqbdZywDZV29QY6byV.MAHtpm9hWajindyocHHnB/9UnMXWcN2'),
(1062,	'JAGLALE CEDRIC',	'[\"ROLE_ACTIF\"]',	'$2y$13$9xYExbUNdDppaDzFAP35Pe.ZCoopH4NXGmUC3p/kPyQkaNx5zH6ma'),
(1063,	'JAMS ERIC JEAN MARCEL',	'[\"ROLE_ACTIF\"]',	'$2y$13$eAmFEm/KpWjizJegtBCf0OxHIAECnC.LlPzaFM6W7f2L4B0JWFOBe'),
(1064,	'JAMS SULLY MARC',	'[\"ROLE_ACTIF\"]',	'$2y$13$VZTZQIEC51XD5OCmXR0nXu1NWYw6WcITyY7hkUYiB/IZUVaIIqqm2'),
(1065,	'JANIÇON JANICK',	'[\"ROLE_ACTIF\"]',	'$2y$13$xjdTOXWSPzAebmy42/zJNezhaRrFk16ARhffrMyPE0DNC7EZKSWmG'),
(1066,	'JEAN FRANCOIS JOCELYNE',	'[\"ROLE_ACTIF\"]',	'$2y$13$7KBPRvdxFJxE4uDlr2EJbuGj71VwTE9Dtq3ICHI6enceTCbaIidFq'),
(1067,	'JEAN JACQUES CHANTAL',	'[\"ROLE_ACTIF\"]',	'$2y$13$ktLjEQfMJrTGFIrV3uLRveSPXidLkbI9sTk6Lr3bkOcxgqoj6.Xm.'),
(1068,	'JEAN JACQUES GUYTO',	'[\"ROLE_ACTIF\"]',	'$2y$13$fkrl6pygKBFTHfkQV2fkkeuOPqhDk7X0HLaerklo8gWK1X1gLBxEy'),
(1069,	'JOABSING VINCENT',	'[\"ROLE_ACTIF\"]',	'$2y$13$I0ftp6ir3GtvriGSDmkL.umKzohrxhsxnhDwLSzrxgzrvCkyXgaoS'),
(1070,	'JONAS MARIE GERALDINE KARINNE',	'[\"ROLE_ACTIF\"]',	'$2y$13$052.E0ApTui/E4QOP31IT.fgl/4J5DtCNYPawyikMHFyqB6n84DqW'),
(1071,	'JONZO JESSICA MARIE FRANçOISE',	'[\"ROLE_ACTIF\"]',	'$2y$13$7XwBDZ03KnzhehPdIlNf2umulITdQdOSw/gS/puGP6X7YsNJ1CmUy'),
(1072,	'JOSEPH SOPHIE YOLENE',	'[\"ROLE_ACTIF\"]',	'$2y$13$laC3FIcGoriP5Th3CrYkq.dXCPZXOz/UrKvUv3/AsjleSN9ufDoiS'),
(1073,	'JUSTINE DANIEL JEAN',	'[\"ROLE_ACTIF\"]',	'$2y$13$4EU8rRJBCnXmOM3Zu/exkuI.PbwFE7JL7kUaArsue6.k21YPWmwB.'),
(1074,	'K GRAIN YASIN',	'[\"ROLE_ACTIF\"]',	'$2y$13$lCnx5aFgPgk/5Xun1li43O8.Zsm8DHStWw/fZZec/pDF5GiwtH/w6'),
(1075,	'KAISSE CHRISTINE MARIE ANGE',	'[\"ROLE_ACTIF\"]',	'$2y$13$IDl6By4E4jB6KfkI3ZKPE.knUp3ikQxa6fISspN0omtnyJlcZ9TIa'),
(1076,	'KICHENIN JEAN STEPHANE',	'[\"ROLE_ACTIF\"]',	'$2y$13$6LQ5SPqBIn26VfMZP/gToOHomf6s5WYsQPN7BuXqpI7hdqRTD3ZNC'),
(1077,	'KOE RODRIGUES',	'[\"ROLE_ACTIF\"]',	'$2y$13$7qKVIyt2FMqsEanAIIVRjumVrQcdqkieO5JFuiAyROr8wCui90ezW'),
(1078,	'KOSMALSKI HERVE',	'[\"ROLE_ACTIF\"]',	'$2y$13$FNR525B2JDt2GzF.mkuybOPXVC5iIv6Rn2mj6ixaFNY0ID5YsD3J6'),
(1079,	'KRANS MARIE CLAIRE',	'[\"ROLE_ACTIF\"]',	'$2y$13$A4g6sNdVJO7gdt7xaTgSauK9XKH6lq1H8bjpzDNJd/2/9Xmk2pMh.'),
(1080,	'LACEDEMONE CHRISTINE',	'[\"ROLE_ACTIF\"]',	'$2y$13$heKPG8GVNsg0EGeSQ9AxJOYAswnriTjEICOTAp82gM/ntAFJtrMpG'),
(1081,	'LACOUDRAY IDA MURIELLE',	'[\"ROLE_ACTIF\"]',	'$2y$13$f1JhK4HsV35yu6XPbgu/KOFifM6lVkB88MoklH6PR89aoGSu0HBcq'),
(1082,	'LADOUCEUR EMMANUEL',	'[\"ROLE_ACTIF\"]',	'$2y$13$Clk3fck6hcuJh.yiNAIbYOheXjAmL.zBI9.TnQEUMBWbzGafZs0Bu'),
(1083,	'LADOUCEUR JEREMIE',	'[\"ROLE_ACTIF\"]',	'$2y$13$fxCfRvDAZNUBBcTA5fdqMujE8OfgA8iVnENQpm94K1W1wW0B4Lk/y'),
(1084,	'LAMOLY SULLY',	'[\"ROLE_ACTIF\"]',	'$2y$13$3KheEjxJftgx6FC.n5ZD6.XR3Gv7jA90qZVMWOD5zXfBKwD85bNx.'),
(1085,	'LAO KAN JEAN NOEL',	'[\"ROLE_ACTIF\"]',	'$2y$13$5qYc5fuyRGvSAe5Q6lW3YOH3eSV2/H6MQi5bfDWSCitUEpciqB4I6'),
(1086,	'LATCHIMY ANANDY MICKAËL JILIUS CHRIS',	'[\"ROLE_ACTIF\"]',	'$2y$13$iuCxg9UEKe01R8fdJH943uLAZ2Yxkjo8koF.A.jkoCrnzrBXf40zK'),
(1087,	'LAUP DAVID JEAN FRANCOIS',	'[\"ROLE_ACTIF\"]',	'$2y$13$v7gE6V69AP4GtZth4LQDse/ghnWT5DQlyykjBiqSzsbGG86gHihYC'),
(1088,	'LAUP WILLIAM',	'[\"ROLE_ACTIF\"]',	'$2y$13$XarCkHtOiCru15bKf8Z9tuME5nLiMFBHVJB2yA9P8I.rLCbFgSsbO'),
(1089,	'LAURET NICOL',	'[\"ROLE_ACTIF\"]',	'$2y$13$0EvxTFaE7BdZO0lSLFU0C.S4fT/Bwsy4cPcRAHEUbi1eXKezMyN1.'),
(1090,	'LEBLE RENE PAUL',	'[\"ROLE_ACTIF\"]',	'$2y$13$EdGhxwviZcLMC4cJbYgq7utzqqyO9mEQTRORBs0btw.ReZdgDkoA2'),
(1091,	'LEJOYEUX FLORENCE',	'[\"ROLE_ACTIF\"]',	'$2y$13$4lfSnnc5zvSxt8YtZ28Oj..os56.Trv/U3RjRiDVEDqRDGvA7fVH2'),
(1092,	'LEON BERTRAND',	'[\"ROLE_ACTIF\"]',	'$2y$13$QiSnrWJvwSHCREFe498uAe/xRCkhNCMvyOd29LTxspjFIMeGbyl/q'),
(1093,	'LEPINAY MARIE THERESE',	'[\"ROLE_ACTIF\"]',	'$2y$13$7h/NbyEN2xkPzvXcPPNWfuNFKJr2Fcg4qhW/X39cQ6n6MH9AFwP1O'),
(1094,	'LEVEQUE LOUIS JOHNATHAN',	'[\"ROLE_ACTIF\"]',	'$2y$13$pTJi8/CCPeSZvzzsbtXgBOGraJ29Pz/X9qx7wIOrsATwPe2K4d42W'),
(1095,	'LIBEL THIERRY',	'[\"ROLE_ACTIF\"]',	'$2y$13$.cNux2N6LtLeRl63Uy/3AOdrxAc7MsJO8pAiNj3biBVdyevRB6GBm'),
(1096,	'LOUACHENI KAHINA',	'[\"ROLE_ACTIF\"]',	'$2y$13$xArNXzu2yqqOqweFqh02heIQlssae4jg.h7V.LFELcTJL.7k3Z0yW'),
(1097,	'MADI MOHAMED CHAMSIDINE',	'[\"ROLE_ACTIF\"]',	'$2y$13$0j/5nGK39vz4ugJ.YM6/quA7MuC0NheeFKuCoK0OJlcJCOxRNJaVq'),
(1098,	'MAHAVANDE HENRICO',	'[\"ROLE_ACTIF\"]',	'$2y$13$jra8YT0w/Tt318S4mXhCZuat8/BeR49LXstEtQt.7lsrghDrWJgnu'),
(1099,	'MAILLOT CHRISTOPHE JONATHAN',	'[\"ROLE_ACTIF\"]',	'$2y$13$U8p67GZqgzJSB0KKZjxFp.TkIyNKzhCvl6yHa0S3kyeClbTLRI3Z.'),
(1100,	'MAILLOT JEAN PHILIPPE',	'[\"ROLE_ACTIF\"]',	'$2y$13$9F1ZhWiTD5XLCuoXMFxp3.kWLNYe37.4w8OFq0W/ODXP8RT0YqFb2'),
(1101,	'MAILLOT LAURENT, FRED',	'[\"ROLE_ACTIF\"]',	'$2y$13$LcUMX1CWip3wmeFAZVz9e.KpBCfxClnxN505H5.Nfslt1foAuSi6C'),
(1102,	'MAILLOT MARIE CHANTAL',	'[\"ROLE_ACTIF\"]',	'$2y$13$L.o0tdCpaKgWFkEGfaC3I.y7qWEacYVmgAInRPSz2rT7XgOrHiz5K'),
(1103,	'MAILLOT SABINE',	'[\"ROLE_ACTIF\"]',	'$2y$13$snjCV1qsF6h9dIB./c49FOHl.xVVqrp620lr0bU4W90v66L1UEDU6'),
(1104,	'MALARD MARION',	'[\"ROLE_ACTIF\"]',	'$2y$13$6wGgj8TXO0mQHLlQh3/EPe9BZjJSgfkHDkS.P.qtyb8Zvcc/zCXmK'),
(1105,	'MARA SOPHIE',	'[\"ROLE_ACTIF\"]',	'$2y$13$Hg3wqipjb0QkHnal2Xer4ufJllY9i3VAQi3p7a1gYbGMBuI30cocG'),
(1106,	'MARDE THIERRY JEAN LOUIS',	'[\"ROLE_ACTIF\"]',	'$2y$13$8q2DsK9Fh5YN0F.PPcPyueiZhgbGMC4Mdz6EhKsiV9APAMfORVsF.'),
(1107,	'MARECHAL LAURA MARIE CHRISTIE',	'[\"ROLE_ACTIF\"]',	'$2y$13$oQVXDx1/9qPTU/E/D3GtgOQ8ekrM1L4NOK3w0vIIRxS0gAnOd5vuO'),
(1108,	'MARI OUNZADI',	'[\"ROLE_ACTIF\"]',	'$2y$13$kbr5yIbeho7xYyUyNUYbluI.QsTcZqpuwFm3wTlhHocviXkiiNRZa'),
(1109,	'MARIE LOUISE JEAN PHILIPPE',	'[\"ROLE_ACTIF\"]',	'$2y$13$aPnsnPiJ73230Hvzfif2h.OPOVir/OJCmntNdJyMog1PIrofSPgCy'),
(1110,	'MARTINOT FREDERIC PASCAL',	'[\"ROLE_ACTIF\"]',	'$2y$13$v9iNuqg99RxO0UXq9sVTmeqXbXrmM7pajIAb1tx4FzM2XF6NPQ4gK'),
(1111,	'MATOUNGA JEAN PAUL',	'[\"ROLE_ACTIF\"]',	'$2y$13$Je85RRUPEQe1lRoM3cXqgugoN5QLKeEGD4nUb/WQyNXZxhsTo1UKO'),
(1112,	'MAUVE GERALDINE',	'[\"ROLE_ACTIF\"]',	'$2y$13$qyCt3ha91sj61L1YqE7nke9Jul70VG6KDCiTn.yOE.ZR/ej0RiqZG'),
(1113,	'MAUVE NICOLAS',	'[\"ROLE_ACTIF\"]',	'$2y$13$1I31r7Yrx5bKl/5deP11GONpTG0QtLtXtygAgrFy/Jw52C/V7SiZ2'),
(1114,	'MEDAR MARYSE',	'[\"ROLE_ACTIF\"]',	'$2y$13$R9dHjNoojxikNCqAwZVtOOLojn2HSthN1SEisEW8d0/Ysy7SjDk7a'),
(1115,	'MEDAR RICHARD',	'[\"ROLE_ACTIF\"]',	'$2y$13$QxPB3TZDCb41fV1.QYdzQOZgperXPwX5lTJ0uqgrSO8qpHjAhcpt.'),
(1116,	'MEGARUS GERALD',	'[\"ROLE_ACTIF\"]',	'$2y$13$LTS/Nfpuw2WAScpD0896iuMO7t5.TAy9IJ8kFH.WT5N6s3olqJQVu'),
(1117,	'MEGARUS JIM JEAN NELSON',	'[\"ROLE_ACTIF\"]',	'$2y$13$rESTgNSI9EbfFuJ5o3yn5u5nlZhAbVvuYkdSyFEWSYO8yhe2GohJe'),
(1118,	'MERION JEAN-RICHARD',	'[\"ROLE_ACTIF\"]',	'$2y$13$ik9u4Iqb679mutRDzeizY.L.cLUnCfTenylzc4d6Ny0piuo/XbM9q'),
(1119,	'METELLUS MATHIEU JEAN RAYMOND',	'[\"ROLE_ACTIF\"]',	'$2y$13$63.m8xCjv9T6DV5YzEHGI.FuO30A4EGqMDWcefQcaMVp50lGz69wC'),
(1120,	'MINATCHY THIERRY',	'[\"ROLE_ACTIF\"]',	'$2y$13$yN33AisR/24hUEZx6dQQ.OBVxqUpHQVg0BWQNqOXhr7d8dgCUY5BC'),
(1121,	'MINIAMA BRUNO MARCEL ANTOINE',	'[\"ROLE_ACTIF\"]',	'$2y$13$2UM8nlbVb9ux8Z3fj11NKum2o6HTMlQKr3Usg5POt2T67Mo35FkG.'),
(1122,	'MITHRA NATACHA MARIE GENEVIEVE',	'[\"ROLE_ACTIF\"]',	'$2y$13$Ajkgdu7IpuG69E0tgxK5zOLDzLkt4zI4m13Of3mG/28e7dNcf0rqO'),
(1123,	'MOREAU JEAN RODRIGUE',	'[\"ROLE_ACTIF\"]',	'$2y$13$3eFrC8/qbOm60yA73l1zaeNQlhESjPvRHdLj0r6DcHVhd.FdVV0dO'),
(1124,	'MOREL MICKAEL',	'[\"ROLE_ACTIF\"]',	'$2y$13$75s5yZnzURaiRFuOW3WmUOYRd8BmA6sHxgPWvLkSwFqpNkEDTq.m2'),
(1125,	'MORISSE MARCEL',	'[\"ROLE_ACTIF\"]',	'$2y$13$o0Ep/dWOvGgmaWKqdgMyVONgKbkiecbhHsDiyV6hsqzGJKqgwnkc6'),
(1126,	'MOUGEL MARIE SABINE',	'[\"ROLE_ACTIF\"]',	'$2y$13$caT.yn6neiDriL4Vh7MlDOiS/.8P4tz1CBt0crH4/P.VGEMjf0j62'),
(1127,	'MOULLAN HASSAN',	'[\"ROLE_ACTIF\"]',	'$2y$13$tVJDUWkbkBDloECNvqla5Ot3xaXt/l5858AOHXUkjuIJMMQ3Ygir.'),
(1128,	'MOUNIAMA FREDERIC JEAN PASCAL',	'[\"ROLE_ACTIF\"]',	'$2y$13$zDyaERDRzm2XdMdaB7oowu54ZLEBVKvcSPIA9ZaO5fp2kWAS6e0jK'),
(1129,	'MOUREQUITO ULRICH PATRICK',	'[\"ROLE_ACTIF\"]',	'$2y$13$L1iSPrZWb3iD1YiQw5TUkuCvgOSDEvB1Ukrn1cGcBTEyNPja4eAX6'),
(1130,	'MUNSCH CHARLY ROLAND',	'[\"ROLE_ACTIF\"]',	'$2y$13$4YXIwGTORXkV0ylicFWCUueICiz0sW4O0VQXkz5bzqWGHIgZS5yZO'),
(1131,	'MURCY JEAN FRANçOIS',	'[\"ROLE_ACTIF\"]',	'$2y$13$4DDlCZQagrXSY2NMG2FxYOVl10GGp92VWH4Z9pka3vEey7lLwbCO.'),
(1132,	'MUSSARD JEAN ERIC',	'[\"ROLE_ACTIF\"]',	'$2y$13$D41GXDXHIax5LdvniuSbyuGnrory/9/CahTJUSIw8sCbUWKGir606'),
(1133,	'MYRTAL JORDAN',	'[\"ROLE_ACTIF\"]',	'$2y$13$S2G/P71JUrewc3x8lgYXK..sG.ujd47Tk9l/R0FvBGONi0Vc8y2dm'),
(1134,	'NAGES VERONIQUE MARIE MADELEINE',	'[\"ROLE_ACTIF\"]',	'$2y$13$iVoZqi6Sh6RbKRSu6TEqA.Dpv04yXeMIv6Fh7dxTjqzqLK6jm8xh2'),
(1135,	'NAGOU JOHNNY',	'[\"ROLE_ACTIF\"]',	'$2y$13$pURq.aae8suYRZRQvO2v2uZoKVPz/JFsS/HiCKi6eOhpxLoNwLbhW'),
(1136,	'NAGOUCHETTY PONAMA MARIE CLAUDE',	'[\"ROLE_ACTIF\"]',	'$2y$13$jpqr2W63Frx3Jzf5cLqlYeEciGORkl0.eDr5Gjx0ayr2TbQfCVgb.'),
(1137,	'NAGRE EMILE MICKAEL',	'[\"ROLE_ACTIF\"]',	'$2y$13$aeb3BI1ohHuavIuwsoS7tO6/jhQ65iQhE0U8jIupZX4Mf7M2bM9pW'),
(1138,	'NAGRE MALIKA AGLAE',	'[\"ROLE_ACTIF\"]',	'$2y$13$001/qb.fbG9yhXN7zkiHiedVeMFCO0oZCxg6sXDn1ptPasoTSCpOu'),
(1139,	'NARAYANIN RAMAYE CLERY JEAN EDOUARD',	'[\"ROLE_ACTIF\"]',	'$2y$13$30EFCSljXxPzxRYekeyTI.bHHRvB8cvE86r2SLyt9K8IuLCQOQvaO'),
(1140,	'NASSIBOU MARIE NATACHA',	'[\"ROLE_ACTIF\"]',	'$2y$13$iV.qJccu5VYomBbfmumSEO0S3S7JPiShv7xHMyW9jnBAhCBY34c2G'),
(1141,	'NATIVEL FABIEN SERGE',	'[\"ROLE_ACTIF\"]',	'$2y$13$Xyzb45d9sXanCkWI/0saIewh5ZVYfIH1XCFDpBojSdo28r1ERbxm.'),
(1142,	'NAZE YANNICK JEAN PIERRE',	'[\"ROLE_ACTIF\"]',	'$2y$13$KypM3S0J770u7DQZiSa6uuBUXlWjWzXuAdtK3lc4xHBBTB14a6UwG'),
(1143,	'NIAMOR FABRICE',	'[\"ROLE_ACTIF\"]',	'$2y$13$VuTGmnSw41BMHaShuBjKGOcGdvhAYOKGJW974zloCRgC0CKaDERZe'),
(1144,	'NINON TEDDY',	'[\"ROLE_ACTIF\"]',	'$2y$13$qDy1EkSZD30JtIh6ixLASexEnBBRaFvvmLVydvV62bdLPiG/kR.4O'),
(1145,	'NUALAS FRED JEAN',	'[\"ROLE_ACTIF\"]',	'$2y$13$PuUKX6.LLgROoOABB.8BpenEpgZ5gBxF7FFF.00THr.EupIh785nW'),
(1146,	'ORANGE MARIE FABIENNE',	'[\"ROLE_ACTIF\"]',	'$2y$13$LzYKMBh7/R82G/wwjzwZSOcbager2ZGKEwhQYiMwRApoMBqbktzA.'),
(1147,	'OROSMANN EVELYNE',	'[\"ROLE_ACTIF\"]',	'$2y$13$Ii4ljmw0U2COGrRDqwHGt.iNdAAJngiJTY196qCWgnu0pHT6G2GAG'),
(1148,	'OULOUMENI RAPHAEL',	'[\"ROLE_ACTIF\"]',	'$2y$13$gXap03UqnhIaJrbLExeDdeMyQ2sZSYQp3rVnfeNH4iCmATxvySyLW'),
(1149,	'OULOUMENI YANNICK MARC',	'[\"ROLE_ACTIF\"]',	'$2y$13$Paw8UM7Zym4.s8yQQoLbk.rCqRhho2TgfR.wN9ZVfaBOTZ5aUoNTS'),
(1150,	'OUSSENEKAN LAURENT',	'[\"ROLE_ACTIF\"]',	'$2y$13$O83HSEG73gqFHgR62WbZjuZdtVC1v1dSw9fXFw5lms1dO8m2aT9VK'),
(1151,	'PALONIER NATELIA',	'[\"ROLE_ACTIF\"]',	'$2y$13$xh.Nk5gxrRuHLV2WmkXzQuFetzGzTUmJWBaZgN4b9stsrnU0EhQLK'),
(1152,	'PALONIER PASCAL JEAN ERIC',	'[\"ROLE_ACTIF\"]',	'$2y$13$7a0WfizB6Am734qkNzp5FusPxgpRYhy5EKN4PR.shhdTUM2FwpEBq'),
(1153,	'PAPOU FREDERIC',	'[\"ROLE_ACTIF\"]',	'$2y$13$k1vL.rsg0RW5pq3x3AoSbuwbC4nLAEGBrr8guB.AULNZGTPzL28lK'),
(1154,	'PARAZIE CHARLES ANDRE',	'[\"ROLE_ACTIF\"]',	'$2y$13$lE/VRmfL5i7Ju09VxOlLsuq.I6DXdg46B/ZpmGH37f67BJmBCBbiG'),
(1155,	'PARAZIE JEAN BRUNO',	'[\"ROLE_ACTIF\"]',	'$2y$13$2Ahoxn/0j8yVKEzn8i9WIe3bYi.dJ2RM2FhItB1rmBPb0ClBxxmBO'),
(1156,	'PARAZIE OLIVIER JEAN ERIC',	'[\"ROLE_ACTIF\"]',	'$2y$13$kkyBjILBKH5wD6edgT.cE.VPiUTfASlf4nVxWBd.SuReoKqD/8G6u'),
(1157,	'PARROD LAETITIA',	'[\"ROLE_ACTIF\"]',	'$2y$13$qiiQ8XzveKlxQA/CeDSUBuHL7omRZW2IL4A.7MLsgTtsZBrL3fAiW'),
(1158,	'PATEL MARIYAH',	'[\"ROLE_ACTIF\"]',	'$2y$13$7nDmSLYH87wsZpeNwHagIeO4WrS9lskZxVfxnRmiYrOlklNYxxjzG'),
(1159,	'PATELL LOUQMAN',	'[\"ROLE_ACTIF\"]',	'$2y$13$p3GZnjv9hnAnwvaNwNJOh.g7E4bGGTS31i.WFppeMC6AG.QxJLhsW'),
(1160,	'PAUSE HENRI',	'[\"ROLE_ACTIF\"]',	'$2y$13$GBKgFrtsbe1yX4pF3tK8OeeXtKP2QsHu9iIH43HoWycMVo1ncAwN.'),
(1161,	'PAUSE MAX ANDRE',	'[\"ROLE_ACTIF\"]',	'$2y$13$vYCG.dw2GlNq5sfP9ysa5O.yleSOGFrmpMtFr9sI7DkH3LPSDgBxK'),
(1162,	'PAYET CHRISTINE MARIE ALEXANDRA',	'[\"ROLE_ACTIF\"]',	'$2y$13$TgeIsKMDFfpNxvS.UpJCMeJ4l.8cEQfDtjegjl81Mc8FFmqp6d3gq'),
(1163,	'PAYET DELPHINE',	'[\"ROLE_ACTIF\"]',	'$2y$13$TzbmjbZATSq1KTatSbYpIuYWHkya20MWDK.NFDNIHxGaWCAbN76VK'),
(1164,	'PAYET OLIVIER',	'[\"ROLE_ACTIF\"]',	'$2y$13$xDEWYAx26mw6wTqpxjZ3F.AwQVSxUugxPpOf8gRlJH.bc6oZsEMwe'),
(1165,	'PAYET SHEILA',	'[\"ROLE_ACTIF\"]',	'$2y$13$Fa2nBmpWLpsstoBrZ3nt6OC1TKi4gDq9BEfSJb15ucw0s420GmjdC'),
(1166,	'PERON JOSIAN MAXO',	'[\"ROLE_ACTIF\"]',	'$2y$13$5Tjebfft6oK8i.Ngi6zvlOAb5S8HZSHs9AVmvgc7tjucrm387Vc9C'),
(1167,	'PETIAYE LINDSAY',	'[\"ROLE_ACTIF\"]',	'$2y$13$CHpD7NddhTqcjdFtjK47L.6bi9vy/3xO1E37rHkJADRIo6tzPejUu'),
(1168,	'PHILIPPON LAURA',	'[\"ROLE_ACTIF\"]',	'$2y$13$vvsT8vEGJQB81aPdovlRUuuzJrjtnRaGU9/lb.pxI39RnlAgu/i2W'),
(1169,	'PHILOGENE PIERRICK',	'[\"ROLE_ACTIF\"]',	'$2y$13$cTMnfI/Kvj5x1hxKV4Pe8u68v9ispNYET6wLNhltulpFMK9zhBfDG'),
(1170,	'PINTURO JEAN LUC',	'[\"ROLE_ACTIF\"]',	'$2y$13$.SF4k4eIp4bfzwLV1.GrNexsniIt.IjNfvmjO.MkE8pT6pQBFHe7y'),
(1171,	'PITOU WILLY',	'[\"ROLE_ACTIF\"]',	'$2y$13$DvflHncFxTTBnETEzus3.eJCb0vWEOX1Hzfn6Y9Pp9WoplU5w3nCS'),
(1172,	'POLEYA MANON MARIE CHLOE',	'[\"ROLE_ACTIF\"]',	'$2y$13$TSI21XUZt4GdK9g5YkDED.akhSXS/QnNF2KTYzGLwVSxIszEcPDlm'),
(1173,	'POUNOUSSAMY JEAN RICO',	'[\"ROLE_ACTIF\"]',	'$2y$13$RnWOY4TU24WazVg349m7MurBIGYwgBj.GsT3TC80oQMqbnRmClXJW'),
(1174,	'POUNOUSSAMY RUDY JEAN FRANCOIS',	'[\"ROLE_ACTIF\"]',	'$2y$13$9zONDtImZ/hhmIl6JT5Hn.jm45RiLBymRXpg3MBwU6O/U7v628IMS'),
(1175,	'POUNOUSSAMY SYLVIE',	'[\"ROLE_ACTIF\"]',	'$2y$13$ln69TLanlOr8BGhLLMA8CO.OiayfX7/WXToY8X75.Y65DjCYxlraa'),
(1176,	'PRAT OLIVIER',	'[\"ROLE_ACTIF\"]',	'$2y$13$83UtlNKoCDaIicirzpxY2uczEscVNagIa59kcBc6dyhaWiyKafNOa'),
(1177,	'RACOUTE JEAN SULLIVAN',	'[\"ROLE_ACTIF\"]',	'$2y$13$R3hbEwfOgWRShDlv0jArMOQVBtkE8atcos4dMdHCfxQ59pDeZksKS'),
(1178,	'RAMARA DOMINIQUE',	'[\"ROLE_ACTIF\"]',	'$2y$13$JkHqNEVRUlfCCAE55NTy8.UwIfLInZtoRTz0jsPXs70S7SO6uocBe'),
(1179,	'RAMAYE LUDOVIC JACKY ELIE',	'[\"ROLE_ACTIF\"]',	'$2y$13$ewU9dOK8mH6cAS58j/vSZOFaG4ePZtdcXxHAA3T62Z6ToD.EhGl.q'),
(1180,	'RAMAYE MARIE DAISY',	'[\"ROLE_ACTIF\"]',	'$2y$13$jUI6bwhskthVlJCCsJut3uTFRXABo5iu1JaeMuZYCAwah42Kyxia2'),
(1181,	'RAMOUCHE EMMAUS',	'[\"ROLE_ACTIF\"]',	'$2y$13$wBGKbe5.PqkP0Jq5SprrG.Vzk7LU9x1kqu6e/soVd.Yvtd2IFFup2'),
(1182,	'RAMOUCHE YVES',	'[\"ROLE_ACTIF\"]',	'$2y$13$P3DZAAxBZmtrTt.Vtwh5U.ULeMOJ1XSUtflirpZaNjtYnzgw69FNO'),
(1183,	'RAMOUDOU THIERRY JEAN DAVID',	'[\"ROLE_ACTIF\"]',	'$2y$13$F4BPfht.Pd4w/y37dzBHZufyjQwCkMp0cKqF3GHxxu2uZ0/NLiK/C'),
(1184,	'RASSAY KADIR',	'[\"ROLE_ACTIF\"]',	'$2y$13$0.HjqJgeTtuLiSKpk9eFLOGg0yNQ5FsMFqUXOaCHiELz.fWJwVjpC'),
(1185,	'REBE MICHEL',	'[\"ROLE_ACTIF\"]',	'$2y$13$f/4nuyWOjiHxRCtcodi1uOvbSQy9waw1CTnDxvb2NtpqSXX3Dm.0.'),
(1186,	'REBECCA CHRISTINE',	'[\"ROLE_ACTIF\"]',	'$2y$13$PRDZFuCimqMD7A2QZ2yQu.6VaH9Wmr4ANJuAY2RPq8giNHIki1UXa'),
(1187,	'REMANO HEDJI JEAN ERIC',	'[\"ROLE_ACTIF\"]',	'$2y$13$74QCGvScZLSJC7F./f1Pq.B2PeB1BBqlWpEAPbTfUqks8h/b0gAZW'),
(1188,	'REMANO JEAN MICHAEL',	'[\"ROLE_ACTIF\"]',	'$2y$13$hkHhaJh1vXgglqt5g7NZvOojIvnVmPz4ni31wqpc0NUVQqvcDWJyq'),
(1189,	'REMY LAURENT JEAN EMMANUEL',	'[\"ROLE_ACTIF\"]',	'$2y$13$xnMMUb9p/Kj72H5VJDHV0.LDXt/tN.aIUzqEfSaG47AcEMsREMBqm'),
(1190,	'RIBET CHRISTELE',	'[\"ROLE_ACTIF\"]',	'$2y$13$d1Do3JSh1R5EZnAY4XkfC.CpIDMOv/yPmP2kcoHwsQ/9TZ..6Bg4W'),
(1191,	'RICHARD MARIE BRIGITTE',	'[\"ROLE_ACTIF\"]',	'$2y$13$lH/q9EpGSIhMnBXjKaP0sOzytcrCRHBTq6T/1BqCnJxQmabiL76v6'),
(1192,	'RITOU VINGADASSALOM DARMAVATHY',	'[\"ROLE_ACTIF\"]',	'$2y$13$EOJxGB4h2X4w3xj8x/12K.4XkRCI2sBxu3tx/KVQsbZqGvmicTdOi'),
(1193,	'RIVIERE ANGELO JEAN PATRICK',	'[\"ROLE_ACTIF\"]',	'$2y$13$GTuCzN9nL1PnPSIwDZQ3EO5brYld9jGCl.24HS2e0te3zKHcwTEsS'),
(1194,	'RIVIERE FLORENT',	'[\"ROLE_ACTIF\"]',	'$2y$13$jCRMYajmaJnWRB4FAWAP7OSbDhTW1FmDskpAq0JAroKDAmrnsJIDy'),
(1195,	'RIVIERE PAUL ELIE',	'[\"ROLE_ACTIF\"]',	'$2y$13$5HtJeyWDqlY7.E145YmaOO6gvBp1xRxIA/Bb4FDH0Tv/xInAQ5GA2'),
(1196,	'ROBERT AURELIE MARIE BERTHA',	'[\"ROLE_ACTIF\"]',	'$2y$13$VZuvk7KUqkOMqzT4vB70U.prqbMJsKfb8l0BL2ZKfVVY3ia5WmKo.'),
(1197,	'ROBERT ELODIE',	'[\"ROLE_ACTIF\"]',	'$2y$13$vSc3h2v4S5jVIOcJjP58vefGKHnz3WhQZmtLTiIqzmioGwfOViPtO'),
(1198,	'ROBERT JEAN CHRISTOPHE',	'[\"ROLE_ACTIF\"]',	'$2y$13$GP4WR002p/ljonV56mNbWetRTEJXhJ0HXwPoDkZvVm6bFrc3JnKRK'),
(1199,	'ROBERT JEAN THIERRY',	'[\"ROLE_ACTIF\"]',	'$2y$13$4qbiekOo7ze2TL6HzWueT.4y/UfjuQVFcjbbVBw7irKUTdOlzBrOu'),
(1200,	'ROBERT YANN',	'[\"ROLE_ACTIF\"]',	'$2y$13$S6ixd/.EyfUomDrnL5PJou.2VhTLDanZam8oFpTe3WiteWAjUKFKG'),
(1201,	'RODIER MICKAEL',	'[\"ROLE_ACTIF\"]',	'$2y$13$PLk09d4.nz5du3qriIWDdu4ySCdjHPoTxwX5mq2YU8YwbfCc37Vm.'),
(1202,	'ROULLIN MARIE SANDRINE',	'[\"ROLE_ACTIF\"]',	'$2y$13$58unfDLyv1AEW7tnv/hs1uhRkhQLfvBrOj5z1dHI8tFZ3UAVkHeNe'),
(1203,	'ROUVEAU AURELIE MARIE',	'[\"ROLE_ACTIF\"]',	'$2y$13$Teb9/cDMXPlUPaKjDx923uyiUgYJ19PPKRCvlazpxsYXp8W.Mt2Pq'),
(1204,	'RUPERT NICOLAS',	'[\"ROLE_ACTIF\"]',	'$2y$13$XpjmGXeULp5VUnJzEqb4XOBKjwB3MJZgbKn.q6o9dNEjC5WCDYw5i'),
(1205,	'SAMINADIN YOLANDE',	'[\"ROLE_ACTIF\"]',	'$2y$13$Q.iXEUC2RQIN3XP2FlKWEuqePqkQKbOg1eG4KzoL1u4uQgOwNuq0i'),
(1206,	'SAMSON GUILLAUME THIBAULT PASCAL',	'[\"ROLE_ACTIF\"]',	'$2y$13$ReV8JVMQXwzvf5yudzziTeHoOsSU68VqPxy6Feg0cevKRLdE3nrNe'),
(1207,	'SAMY ARLAYE JEAN RICHARD',	'[\"ROLE_ACTIF\"]',	'$2y$13$0tihXPjwFQqZw63KnedQaO7nnHEzGoB3tAp/26NAk0/mQRGZF54VK'),
(1208,	'SAMY ARLAYE JEAN RITCHIE',	'[\"ROLE_ACTIF\"]',	'$2y$13$CsCaAflYULawkE8iP4q4ZuqABj6eP3lvmMsju2U34ffYft4DiJcYu'),
(1209,	'SAUTRON TEDDY',	'[\"ROLE_ACTIF\"]',	'$2y$13$MAP8WrFlbffgNeAQA4s77e6bpCvoKm45snFNAqRHEmMFSViWkH/Bu'),
(1210,	'SAVRIMOUTOU FREDERIC HENRI',	'[\"ROLE_ACTIF\"]',	'$2y$13$QbXeQuQJ4edFheBsNtbd6eiELJroGdVBeE1XKMIC0lOQuXvxbr2QS'),
(1211,	'SAVRIMOUTOU OCEANE',	'[\"ROLE_ACTIF\"]',	'$2y$13$9.jI3sQGTCaEDQUB01eoZu28ipmKdt7kC/sPpvpkFyLvdlLKoFqh6'),
(1212,	'SEEWATHIAN KEVIN',	'[\"ROLE_ACTIF\"]',	'$2y$13$iA.cwRK.kVG.0mu0eq2cj.2.O.q0oT4FZEOx.A1RV/aVmOZd2TYB6'),
(1213,	'SEPEROUMAL VIANNEY',	'[\"ROLE_ACTIF\"]',	'$2y$13$rZyb4ebWpjC351keUvkf2OGOBF2hB/sWcWW33Hb9/87RnY6vu8x.O'),
(1214,	'SERVEAUX DIDIER',	'[\"ROLE_ACTIF\"]',	'$2y$13$Rk43eNbJTQbQbMSn04jRVOc//2jnUf6JdRRj7z9ydp2/EN6rp0eDS'),
(1215,	'SERVEAUX JEAN FREDDY MARC',	'[\"ROLE_ACTIF\"]',	'$2y$13$Rhzl34JWEOZ3.kbFGeih1OcDtjZ1gZw7vPGJ4B9uPm9HGotjNiJwC'),
(1216,	'SERVICAL JEAN DAVID',	'[\"ROLE_ACTIF\"]',	'$2y$13$5Hr3Z7uFC5Hl0OPSuScHwefUmY7Pjfn8HwHU.9YAMAsc9gHEG/5TC'),
(1217,	'SIBALO THIERRY',	'[\"ROLE_ACTIF\"]',	'$2y$13$AdhSKwTuQA2clDau9Dq1a.gVExr4K7Sr26GPLkX2Nq3H7FUfwdU8y'),
(1218,	'SINAMALLE CEDRIC',	'[\"ROLE_ACTIF\"]',	'$2y$13$BJqNF0GIHbejXfVIFd4mZepVLWFvSguytsvJoLU50wnpVDfD4ILVu'),
(1219,	'SOUBAYE STEPHAN',	'[\"ROLE_ACTIF\"]',	'$2y$13$5eMS9ovvH92CJHw1kAyqSeuDxtHMSWDBq5Q7QHspxbYLEvYFpw/Gq'),
(1220,	'SOULE NIZAR',	'[\"ROLE_ACTIF\"]',	'$2y$13$xRgAb3J2Y0X/xogobvA/6eCuqjPTkG5W.mVT6Q8I8YIX1QdNtwc9C'),
(1221,	'SOW WILLY DOMINIQUE',	'[\"ROLE_ACTIF\"]',	'$2y$13$fysHPjVSz6i5DyY0UhppeuNnfIAiLGa8wAnOrxUDa9A2rEvAtol9S'),
(1222,	'STERVINOU SABINE',	'[\"ROLE_ACTIF\"]',	'$2y$13$Ip1mnuImv5bXoLOmfDs9l.giMsnE6AvO4VOr9MGNgurDX8hBMr672'),
(1223,	'TALASSIA ERIC',	'[\"ROLE_ACTIF\"]',	'$2y$13$5YfHgfrtiE7wb0bsHn7Szeda/ux4oJsY9Du841RnkqQbf9SdZc8S2'),
(1224,	'TAMAYA ALAIN',	'[\"ROLE_ACTIF\"]',	'$2y$13$R18J2XQeagtLdHZC.35q6Ot2Oo4sGllnf/Hx.h45UIkam1oq.XTbq'),
(1225,	'TARDIVEL BRUNO MAX',	'[\"ROLE_ACTIF\"]',	'$2y$13$xq9PWy5bes/jOwH4qaGQh.otQ1e4/KKsqhsjSeFWPyV97D7vpYd96'),
(1226,	'TASDI EMMANUELLE',	'[\"ROLE_ACTIF\"]',	'$2y$13$3o1n5aPpH2aj9RKU7288PulGcrB0VIKxPOPAJtWyQwm2C9xt2ee7i'),
(1227,	'TECHER GERARD',	'[\"ROLE_ACTIF\"]',	'$2y$13$t87eeAdPS6reHCR9IDL.J.qK0V7wPYPpjT6pKtxbR4Su24EYn620K'),
(1228,	'TECHER LUDOVIC FABIEN',	'[\"ROLE_ACTIF\"]',	'$2y$13$d6g08FDLFC2E0n0g1PjF/.n.pBG5sRHz2rgQ0SEDpElmLOsoIzLPO'),
(1229,	'TECHER SYLVESTRE LOUIS HENRI',	'[\"ROLE_ACTIF\"]',	'$2y$13$e2rArQVHmIJIE1gpGGGMHeUVIQjXDgO34UK4TaJwAas78pYZIWucW'),
(1230,	'TERGEMINA GEORGES MARIE',	'[\"ROLE_ACTIF\"]',	'$2y$13$I2CjAN9jIj2AgA0cLHr6mO3AJsdL6dx5U2t6h1SPWZl4dcTJ5CoUW'),
(1231,	'TERGEMINA MARIE CLARISSE JUDITH',	'[\"ROLE_ACTIF\"]',	'$2y$13$65q2FXM1vuwoQgvfu7e4s.qnHMjpXd1ENVpNH0SvonVqliwH2VBW6'),
(1232,	'TEVANEE ROBIN',	'[\"ROLE_ACTIF\"]',	'$2y$13$3podXeKmcKOtzMufe366uuNpFLsDJB2e1V7XsISIYr75q8u.h3bfe'),
(1233,	'TEVANIN GIOVANNI',	'[\"ROLE_ACTIF\"]',	'$2y$13$en9Fr3lcDlNpab20Spj2O.joRZM0kasflm3MNa/Uzu5fVhSwDxBGK'),
(1234,	'THOMAS TEDDY JEAN CYRIL',	'[\"ROLE_ACTIF\"]',	'$2y$13$tEGJGhobZYXYIBD4An4UH.hvYiY2K6WnfZU1l5/QM5PXiVGccEtam'),
(1235,	'TILIN ERIC GEORGES',	'[\"ROLE_ACTIF\"]',	'$2y$13$d5XVaKlc6BCzqjzPnZaGjeI2sxbyf4Ltfhi7120NRy0Q4BaJVLOiW'),
(1236,	'TINGAPERMAL SANDRA',	'[\"ROLE_ACTIF\"]',	'$2y$13$dgsLMPF1/DfUVI4I9B98..7XMeQwscid/gvwpqYrFVs6WcjzdaXva'),
(1237,	'TIPARIS JEAN YVES',	'[\"ROLE_ACTIF\"]',	'$2y$13$GQYU21Y3Hjv9hf7cTeAwPOsXLSs85y32XlIlXvQZDBhAobgII8CYa'),
(1238,	'TITUS ADELINE MARIE',	'[\"ROLE_ACTIF\"]',	'$2y$13$bW6Ar0M7OlXZXo38c0VtSOWalTaMweEvOroDD7/i5jfCkFFAZZtmC'),
(1239,	'TOINON JEAN CLAUDE',	'[\"ROLE_ACTIF\"]',	'$2y$13$tgnhCcEBBr2hpr8sfzIMM.VksJxXDuuosyt/8JK3g.h/HVJ1xM4ne'),
(1240,	'TORPOS JEAN PAUL',	'[\"ROLE_ACTIF\"]',	'$2y$13$GSleeN/yfQFIvgf06iBIte65txFLoX1.AaFuOay/Ky8EpCfapfX06'),
(1241,	'VALENTIN JANICK MICHEL',	'[\"ROLE_ACTIF\"]',	'$2y$13$dyxiAy9HAjg9cZ77Pn9o..mCquBWSDZkEd/LWXtp0Y6OvO5PbcL/u'),
(1242,	'VANWALSCAPPEL LOUIS JEAN MARC',	'[\"ROLE_ACTIF\"]',	'$2y$13$gkXePVbaXcSDTcGLV5ld1u9ObLOAIasnsmgh9xaBu4UwGkf5Q24za'),
(1243,	'VELETCHY ERICK JEAN-MARC',	'[\"ROLE_ACTIF\"]',	'$2y$13$Ok14Qm7wLXPnI9gYgYa5juCJUpSCgUsDtlFHRgiUM6I3sxJncaASW'),
(1244,	'VELETCHY PATRICE',	'[\"ROLE_ACTIF\"]',	'$2y$13$8KotaZOuKyUSjtvFluPScetxm8egdPlkHvwW8GhwTAw2NZp2Qo31K'),
(1245,	'VICTOIRE DIMITRI WILFRID',	'[\"ROLE_ACTIF\"]',	'$2y$13$FC/3G2f9ymLDbGNI63i5ROYK.RGe3nnSn0pICCpb9jFPsqT8JCDJG'),
(1246,	'VIDOT NINON',	'[\"ROLE_ACTIF\"]',	'$2y$13$KHL/WOZzZys/S7/TznrT.e8yNU.OXLhOAGKlpqiJPXUkM9nhAjbcm'),
(1247,	'VILLARS THIERRY',	'[\"ROLE_ACTIF\"]',	'$2y$13$fRlLoWJQch1VhMPuXcxnf.8ogT4nr.LsyWamGyRSa32rHicdUjsqq'),
(1248,	'VIRAMALE THIERRY',	'[\"ROLE_ACTIF\"]',	'$2y$13$IL0MKTnXJ/wbROmTrdupxu9Qy..0QKdij42Zpuc0XBpbX30vWYNxC'),
(1249,	'WELMANT CLAUDE JEAN EXPEDIT',	'[\"ROLE_ACTIF\"]',	'$2y$13$FD87rENFdGcOkUvl7vJD9u90w5PtixlROwuORK9LGWl8bkaXmuA46'),
(1250,	'ZILMIA JEAN DAVID',	'[\"ROLE_ACTIF\"]',	'$2y$13$2RnR/0rvtIzAPmAa6alS/uqxubqCehwXcz3GjG64NDHo9tkkkXAmS'),
(1251,	'ZILMIA JORDAN',	'[\"ROLE_ACTIF\"]',	'$2y$13$tXCbR3z1jOPtDr70JHgj5.qjgA2LB6097obP7M9.mH.iKVAJj9MDO'),
(1259,	'Test',	'{\"1\": \"ROLE_ACTIF\"}',	'$2y$13$zIA4/5AV/KJdijcMPpjlte0SqqV41rvQSGpcYrHsLxX09vd2L.zCu');

-- 2024-07-18 10:57:58
